Age_band_of_driver,Sex_of_driver,Educational_level,Vehicle_driver_relation,Driving_experience,Owner_of_vehicle,Service_year_of_vehicle,Defect_of_vehicle,Area_accident_occured,Road_surface_type,Road_surface_conditions,Light_conditions,Weather_conditions,Type_of_collision,Number_of_vehicles_involved,Number_of_casualties,Vehicle_movement,Casualty_class,Sex_of_casualty,Age_band_of_casualty,Casualty_severity,Work_of_casuality,Fitness_of_casuality,Cause_of_accident,Accident_severity
18-30,Male,Elementary school,Employee,5-10yr,Governmental,,No defect,,Asphalt roads,Dry,Daylight,Normal,Vehicle with vehicle collision,2,1,Going straight,Pedestrian,Male,31-50,3,,,Getting off the vehicle improperly,Slight Injury
31-50,Male,Junior high school,Employee,Below 1yr,Owner,,,Other,Asphalt roads,Dry,Daylight,Normal,Collision with roadside objects,2,1,Other,Pedestrian,Female,Under 18,3,,,Overtaking,Slight Injury
Unknown,Male,Elementary school,Employee,Below 1yr,Owner,Unknown,,Office areas,Asphalt roads,Dry,Daylight,Normal,Collision with pedestrians,3,4,Going straight,na,na,na,na,,,Changing lane to the left,Slight Injury
Unknown,Female,Junior high school,Employee,Below 1yr,Owner,,No defect,Office areas,Asphalt roads,Dry,Daylight,Normal,Vehicle with vehicle collision,3,4,Going straight,Driver or rider,Male,18-30,3,,,Driving under the influence of drugs,Slight Injury
18-30,Male,Junior high school,Employee,5-10yr,Owner,5-10yrs,,Office areas,Gravel roads,Dry,Daylight,Normal,Vehicle with vehicle collision,3,4,Going straight,Pedestrian,Male,Over 51,2,Driver,Normal,Driving carelessly,Slight Injury
18-30,Male,Junior high school,Owner,5-10yr,Owner,,,Other,Asphalt roads,Dry,Daylight,Normal,Vehicle with vehicle collision,3,4,Going straight,Pedestrian,Female,5,3,Driver,Normal,Moving Backward,Slight Injury
18-30,Male,High school,Owner,5-10yr,Owner,,No defect,Other,Asphalt roads,Dry,Daylight,Normal,Vehicle with vehicle collision,3,4,Going straight,Passenger,Female,Over 51,3,Driver,Normal,No distancing,Slight Injury
18-30,Male,Junior high school,Employee,5-10yr,Owner,,No defect,  Recreational areas,Asphalt roads,Dry,Daylight,Normal,Vehicle with vehicle collision,3,4,Going straight,Passenger,Female,31-50,3,Driver,Normal,No priority to vehicle,Slight Injury
31-50,Male,Junior high school,Employee,2-5yr,Owner,,No defect, Church areas,Asphalt roads,Dry,Daylight,Normal,Vehicle with vehicle collision,2,1,Moving Backward,Pedestrian,Female,18-30,3,Driver,Normal,Overturning,Slight Injury
Under 18,Male,Elementary school,Employee,5-10yr,Other,1-2yr,No defect,  Recreational areas,Asphalt roads,Dry,Daylight,Normal,Vehicle with vehicle collision,2,1,Going straight,Driver or rider,Male,Under 18,3,Driver,Normal,Changing lane to the left,Slight Injury
Over 51,Male,Junior high school,Employee,2-5yr,Owner,5-10yrs,No defect,School areas,Asphalt roads,Dry,Daylight,Normal,Collision with roadside objects,2,2,Going straight,na,na,na,na,,,No distancing,Slight Injury
31-50,Male,Junior high school,Employee,Below 1yr,Owner,,No defect, Church areas,Asphalt roads,Dry,Daylight,Normal,Rollover,2,2,Going straight,na,na,na,na,Driver,Normal,Moving Backward,Slight Injury
Over 51,Male,Elementary school,Employee,2-5yr,Owner,5-10yrs,,Office areas,Asphalt roads,Dry,Daylight,Normal,Vehicle with vehicle collision,2,1,Going straight,Driver or rider,Female,31-50,3,,,No priority to vehicle,Slight Injury
31-50,Male,Junior high school,Employee,2-5yr,Owner,2-5yrs,,Residential areas,Asphalt roads,Dry,Daylight,Normal,Collision with pedestrians,2,1,Going straight,na,na,na,na,Driver,Normal,No priority to vehicle,Slight Injury
Unknown,Male,Junior high school,Employee,2-5yr,Owner,,No defect,Other,Asphalt roads,Dry,Daylight,Normal,Vehicle with vehicle collision,2,1,Going straight,Passenger,Female,Over 51,3,Driver,Normal,No distancing,Slight Injury
31-50,Male,Junior high school,Employee,5-10yr,Owner,,No defect,Other,Asphalt roads,Dry,Daylight,Normal,Vehicle with vehicle collision,2,1,Going straight,na,na,na,na,Driver,Normal,No distancing,Slight Injury
31-50,Male,Junior high school,Employee,5-10yr,Governmental,1-2yr,No defect, Industrial areas,Asphalt roads,Dry,Daylight,Normal,Collision with pedestrians,1,1,Going straight,Driver or rider,Male,Under 18,3,,,Overtaking,Slight Injury
18-30,Male,Junior high school,Employee,,Governmental,1-2yr,No defect, Church areas,Asphalt roads,Dry,Daylight,Normal,Collision with pedestrians,3,1,Going straight,Passenger,Female,Under 18,3,,,Driving under the influence of drugs,Slight Injury
Over 51,Male,Junior high school,Owner,5-10yr,Organization,1-2yr,No defect,Office areas,Asphalt roads,Dry,Daylight,Normal,Vehicle with vehicle collision,3,1,Going straight,Passenger,Female,18-30,3,Driver,Normal,Changing lane to the right,Slight Injury
31-50,Male,Junior high school,Employee,2-5yr,Owner,Unknown,No defect,Office areas,Gravel roads,Dry,Daylight,Normal,Vehicle with vehicle collision,3,1,Going straight,Driver or rider,Male,Under 18,3,Driver,Normal,Changing lane to the left,Slight Injury
18-30,Male,Junior high school,Employee,Below 1yr,Owner,,,Office areas,Asphalt roads,Dry,Daylight,Normal,Vehicle with vehicle collision,2,1,Going straight,na,na,na,na,Driver,Normal,Driving carelessly,Slight Injury
Over 51,Male,Junior high school,Employee,1-2yr,Owner,2-5yrs,,Other,Asphalt roads,Dry,Daylight,Normal,Vehicle with vehicle collision,2,1,Other,na,na,na,na,Driver,Normal,Moving Backward,Slight Injury
Under 18,Male,Junior high school,Employee,Below 1yr,Owner,,,Office areas,Asphalt roads,Wet or damp,Darkness - lights lit,Normal,Vehicle with vehicle collision,1,2,Going straight,Driver or rider,Female,18-30,3,Self-employed,Normal,Moving Backward,Slight Injury
Under 18,Male,Junior high school,Employee,Above 10yr,Owner,,No defect,Other,Asphalt roads,Wet or damp,Darkness - lights lit,Normal,Collision with roadside objects,1,2,Going straight,Driver or rider,Male,18-30,3,Self-employed,Normal,Changing lane to the right,Slight Injury
Unknown,Female,Junior high school,Employee,Below 1yr,Owner,Above 10yr,No defect, Industrial areas,Earth roads,Dry,Daylight,Unknown,Vehicle with vehicle collision,2,1,Going straight,na,na,na,na,Driver,Normal,No priority to vehicle,Slight Injury
18-30,Male,Junior high school,Employee,2-5yr,Owner,,No defect,Residential areas,Asphalt roads,Dry,Daylight,Unknown,Vehicle with vehicle collision,2,1,Going straight,Driver or rider,Male,18-30,3,,,Driving at high speed,Slight Injury
Over 51,Male,Junior high school,Employee,1-2yr,Owner,,No defect,Other,Asphalt roads,Dry,Daylight,Normal,Vehicle with vehicle collision,2,1,Going straight,na,na,na,na,,,Driving under the influence of drugs,Slight Injury
18-30,Male,Elementary school,Employee,5-10yr,Owner,5-10yrs,,Other,,Dry,Daylight,Normal,Vehicle with vehicle collision,2,1,Going straight,na,na,na,na,,,Changing lane to the right,Slight Injury
18-30,Male,Junior high school,Owner,Below 1yr,Owner,1-2yr,No defect,Other,Gravel roads,Dry,Daylight,Normal,Vehicle with vehicle collision,2,3,Going straight,Driver or rider,Female,18-30,3,Driver,Normal,Driving carelessly,Slight Injury
18-30,Male,Junior high school,Employee,Below 1yr,Owner,,,Other,Asphalt roads,Dry,Daylight,Normal,Vehicle with vehicle collision,2,3,Other,Driver or rider,Male,18-30,3,,Normal,No distancing,Slight Injury
18-30,Male,Writing & reading,Employee,Below 1yr,,,,Other,,Dry,Daylight,Normal,Vehicle with vehicle collision,2,3,Going straight,na,na,na,na,Driver,Normal,Changing lane to the left,Slight Injury
18-30,Male,Junior high school,Employee,1-2yr,Governmental,Below 1yr,No defect,Residential areas,Asphalt roads,Dry,Daylight,Normal,Vehicle with vehicle collision,2,3,Going straight,Pedestrian,Female,18-30,3,Driver,Normal,No distancing,Slight Injury
18-30,Male,Elementary school,Owner,5-10yr,Owner,,No defect,Office areas,Earth roads,Dry,Darkness - lights lit,Normal,Vehicle with vehicle collision,2,1,Going straight,na,na,na,na,,,No distancing,Slight Injury
18-30,Male,Junior high school,Employee,2-5yr,Owner,,,Office areas,Asphalt roads,Dry,Darkness - lights lit,Normal,Vehicle with vehicle collision,2,1,Going straight,Driver or rider,Male,18-30,3,Self-employed,Normal,Getting off the vehicle improperly,Slight Injury
Unknown,Male,Junior high school,Owner,Below 1yr,Owner,Unknown,No defect,Other,Asphalt roads,Dry,Darkness - lights lit,Normal,Vehicle with vehicle collision,2,1,Going straight,na,na,na,na,Driver,Normal,Overtaking,Slight Injury
18-30,Male,Writing & reading,Employee,5-10yr,Owner,Above 10yr,No defect,Other,Asphalt roads,Dry,Darkness - lights lit,Normal,Vehicle with vehicle collision,2,1,Going straight,Passenger,Female,18-30,3,Driver,Normal,Driving carelessly,Slight Injury
Unknown,Male,Writing & reading,Employee,5-10yr,Owner,,No defect,Office areas,Asphalt roads,Dry,Daylight,Normal,Vehicle with vehicle collision,4,2,Going straight,na,na,na,na,Driver,Normal,Driving under the influence of drugs,Slight Injury
18-30,Male,Junior high school,Employee,5-10yr,Owner,2-5yrs,,Office areas,Asphalt roads,Dry,Daylight,Normal,Vehicle with vehicle collision,4,2,Going straight,na,na,na,na,Driver,Normal,Moving Backward,Slight Injury
18-30,Male,Junior high school,Employee,2-5yr,Owner,,No defect,Other,Earth roads,Dry,Daylight,Normal,Vehicle with vehicle collision,4,2,Going straight,Driver or rider,Male,18-30,3,Driver,Normal,Overturning,Slight Injury
31-50,Male,Junior high school,Employee,Above 10yr,Owner,,No defect,Other,Asphalt roads,Dry,Daylight,Normal,Collision with roadside objects,4,2,Moving Backward,Pedestrian,Male,31-50,3,Driver,Normal,Driving under the influence of drugs,Slight Injury
Unknown,Male,Junior high school,Employee,5-10yr,Governmental,Unknown,,Residential areas,Asphalt roads,Dry,Daylight,Normal,Vehicle with vehicle collision,2,1,Going straight,Passenger,Male,Under 18,3,Driver,Normal,Changing lane to the right,Slight Injury
Under 18,Male,Junior high school,Employee,Above 10yr,Owner,1-2yr,No defect,Other,Asphalt roads,Dry,Daylight,Normal,Vehicle with vehicle collision,2,1,Going straight,Driver or rider,Male,18-30,3,Driver,Normal,Changing lane to the left,Slight Injury
Over 51,Male,Junior high school,Employee,2-5yr,Owner,,No defect,Office areas,Asphalt roads,Dry,Daylight,Normal,Vehicle with vehicle collision,2,1,Going straight,na,na,na,na,Driver,Normal,No distancing,Slight Injury
31-50,Male,Junior high school,Employee,Below 1yr,Owner,2-5yrs,No defect,Office areas,Asphalt roads,Dry,Daylight,Normal,Vehicle with vehicle collision,2,1,Going straight,Driver or rider,Male,18-30,3,Driver,Normal,No distancing,Slight Injury
Over 51,Male,Junior high school,Employee,Below 1yr,,,,Other,Asphalt roads,Dry,Daylight,Normal,Collision with pedestrians,2,1,Moving Backward,Driver or rider,Male,18-30,3,,,No priority to vehicle,Slight Injury
31-50,Male,Junior high school,Owner,5-10yr,Owner,Unknown,,Other,Asphalt roads,Dry,Daylight,Normal,Vehicle with vehicle collision,2,1,Going straight,Passenger,Male,31-50,3,Self-employed,Normal,Moving Backward,Slight Injury
18-30,Male,Junior high school,Employee,2-5yr,Owner,Above 10yr,,Other,Asphalt roads,Dry,Daylight,Normal,Vehicle with vehicle collision,2,2,Other,Passenger,Male,31-50,3,Self-employed,Normal,Moving Backward,Slight Injury
31-50,Male,Elementary school,Employee,Below 1yr,Owner,,No defect,Office areas,Asphalt roads,Dry,Daylight,Normal,Vehicle with vehicle collision,2,2,Other,na,na,na,na,Driver,Normal,Getting off the vehicle improperly,Slight Injury
18-30,Male,Junior high school,Employee,2-5yr,Owner,Above 10yr,No defect,Office areas,Asphalt roads,Dry,Darkness - lights lit,Normal,Vehicle with vehicle collision,2,1,Going straight,Passenger,Female,31-50,3,Driver,Normal,Changing lane to the left,Serious Injury
18-30,Male,Junior high school,Employee,5-10yr,Owner,,No defect,Other,Asphalt roads,Dry,Darkness - lights lit,Normal,Vehicle with vehicle collision,2,1,Going straight,Driver or rider,Male,31-50,3,Self-employed,Normal,Changing lane to the left,Serious Injury
31-50,Male,High school,Employee,Above 10yr,Owner,Above 10yr,No defect, Church areas,Earth roads,Dry,Daylight,Normal,Vehicle with vehicle collision,1,1,Going straight,na,na,na,na,Self-employed,Normal,No priority to vehicle,Slight Injury
Under 18,Male,High school,Employee,Above 10yr,Governmental,,No defect, Industrial areas,Asphalt roads,Dry,Daylight,Normal,Vehicle with vehicle collision,1,2,Going straight,Driver or rider,Male,31-50,2,,,Changing lane to the right,Slight Injury
Under 18,Male,Junior high school,Employee,5-10yr,Organization,2-5yrs,,Other,Asphalt roads,Dry,Daylight,Normal,Vehicle with vehicle collision,1,2,Other,Driver or rider,Male,31-50,3,Employee,Normal,Changing lane to the right,Slight Injury
Unknown,Male,Elementary school,Employee,1-2yr,Owner,5-10yrs,No defect,Other,Asphalt roads,Dry,Daylight,Normal,Collision with pedestrians,2,1,Going straight,na,na,na,na,,,Driving carelessly,Slight Injury
18-30,Male,Elementary school,Employee,5-10yr,Owner,1-2yr,,Office areas,Asphalt roads,Dry,Daylight,Normal,Vehicle with vehicle collision,2,1,Getting off,Driver or rider,Male,31-50,3,,,Changing lane to the left,Slight Injury
18-30,Male,Junior high school,Employee,5-10yr,Owner,Unknown,No defect,Other,Other,Dry,Daylight,Normal,Vehicle with vehicle collision,1,1,Going straight,Driver or rider,Female,31-50,3,,,Changing lane to the right,Slight Injury
Over 51,Male,Junior high school,Employee,1-2yr,Owner,Unknown,No defect,  Recreational areas,Gravel roads,Dry,Daylight,Normal,Vehicle with vehicle collision,2,1,Going straight,na,na,na,na,Driver,Normal,Driving under the influence of drugs,Serious Injury
18-30,Male,Junior high school,Owner,5-10yr,Governmental,Unknown,No defect,Other,Gravel roads,Dry,Daylight,Normal,Vehicle with vehicle collision,2,1,Going straight,Driver or rider,Male,31-50,3,Driver,Normal,Driving carelessly,Serious Injury
18-30,Male,High school,Owner,Above 10yr,Governmental,5-10yrs,No defect, Church areas,Asphalt roads,Dry,Daylight,Other,Collision with roadside objects,2,1,Going straight,Pedestrian,Female,5,3,Driver,Normal,No distancing,Slight Injury
18-30,Male,,Owner,Below 1yr,Owner,,,Residential areas,Asphalt roads,Dry,Daylight,Other,Vehicle with vehicle collision,2,1,Going straight,Driver or rider,Male,31-50,3,Driver,Normal,No priority to vehicle,Slight Injury
Unknown,Female,Writing & reading,Owner,5-10yr,Owner,5-10yrs,No defect,Office areas,Earth roads,Dry,Daylight,Normal,Vehicle with vehicle collision,2,1,Going straight,na,na,na,na,Driver,Normal,No priority to vehicle,Slight Injury
18-30,Male,Above high school,Employee,Above 10yr,Owner,2-5yrs,No defect,Other,Asphalt roads,Dry,Daylight,Normal,Vehicle with vehicle collision,2,1,Moving Backward,na,na,na,na,Self-employed,Normal,No priority to vehicle,Slight Injury
31-50,Male,High school,Employee,Below 1yr,Governmental,2-5yrs,,Office areas,Asphalt roads,Dry,Daylight,Normal,Vehicle with vehicle collision,2,1,Going straight,Driver or rider,Male,18-30,3,Self-employed,Normal,Changing lane to the left,Slight Injury
18-30,Male,Junior high school,Employee,1-2yr,Owner,,,Office areas,Asphalt roads,Dry,Daylight,Normal,Vehicle with vehicle collision,2,1,Other,na,na,na,na,Self-employed,Normal,Moving Backward,Slight Injury
Over 51,Male,Junior high school,Employee,Above 10yr,Owner,,No defect,Other,Asphalt roads,Dry,Daylight,Normal,Vehicle with vehicle collision,2,1,Going straight,Driver or rider,Male,31-50,3,Self-employed,Normal,Driving carelessly,Slight Injury
31-50,Male,Junior high school,Owner,Above 10yr,Owner,,No defect,Residential areas,Earth roads,Dry,Daylight,Normal,Vehicle with vehicle collision,2,1,Going straight,na,na,na,na,,,Driving under the influence of drugs,Slight Injury
31-50,Male,Junior high school,Employee,Above 10yr,Owner,,No defect,  Recreational areas,Asphalt roads,Dry,Darkness - lights lit,Normal,Collision with roadside objects,7,1,Going straight,na,na,na,na,Self-employed,Normal,Changing lane to the right,Slight Injury
Unknown,Female,Junior high school,Employee,No Licence,Owner,,No defect, Church areas,Asphalt roads,Dry,Darkness - lights lit,Normal,Vehicle with vehicle collision,7,1,Going straight,na,na,na,na,Self-employed,Normal,No priority to vehicle,Slight Injury
Unknown,Male,Junior high school,Employee,1-2yr,Owner,,No defect,Other,Asphalt roads,Dry,Darkness - lights lit,Normal,Vehicle with vehicle collision,7,1,,Passenger,Male,18-30,3,Self-employed,Normal,Changing lane to the right,Slight Injury
Unknown,Male,Illiterate,Owner,1-2yr,Owner,,No defect,Other,Asphalt roads,Dry,Darkness - lights lit,Normal,Vehicle with vehicle collision,7,1,Moving Backward,na,na,na,na,Driver,Normal,Driving to the left,Slight Injury
Unknown,Male,Junior high school,Owner,Below 1yr,Owner,Unknown,No defect,Other,Asphalt roads,Dry,Darkness - lights lit,Normal,Vehicle with vehicle collision,7,1,,Pedestrian,Female,Over 51,2,,,Moving Backward,Slight Injury
Unknown,Male,Junior high school,Owner,1-2yr,Governmental,,No defect,Residential areas,Asphalt roads,Dry,Darkness - lights lit,Normal,Rollover,7,1,Going straight,Pedestrian,Female,18-30,3,Driver,Normal,No priority to vehicle,Slight Injury
Unknown,Female,Junior high school,Owner,2-5yr,Owner,Above 10yr,No defect,School areas,Asphalt roads,Dry,Darkness - lights lit,Normal,Vehicle with vehicle collision,7,1,Going straight,Pedestrian,Male,18-30,3,Driver,Normal,No distancing,Slight Injury
18-30,Male,Unknown,Owner,5-10yr,Owner,Above 10yr,No defect, Church areas,Asphalt roads,Dry,Daylight,Normal,Vehicle with vehicle collision,2,2,,Driver or rider,Male,31-50,3,Self-employed,Normal,Driving carelessly,Slight Injury
Over 51,Male,Unknown,Owner,Above 10yr,Owner,Above 10yr,No defect,Other,Asphalt roads,Dry,Daylight,Normal,Collision with roadside objects,2,2,Going straight,na,na,na,na,Driver,Normal,Changing lane to the left,Slight Injury
31-50,Male,Junior high school,Owner,2-5yr,Owner,Below 1yr,,Other,Asphalt roads,Dry,Daylight,Normal,Vehicle with vehicle collision,3,1,Going straight,Driver or rider,Male,18-30,3,Driver,Normal,No priority to vehicle,Slight Injury
31-50,Male,Elementary school,Owner,Above 10yr,Owner,2-5yrs,,Office areas,Earth roads,Dry,Daylight,Normal,Vehicle with vehicle collision,3,1,Going straight,Driver or rider,Male,18-30,3,,,No priority to vehicle,Slight Injury
Unknown,Male,Writing & reading,Owner,5-10yr,Owner,2-5yrs,,Office areas,Asphalt roads,Dry,Daylight,Normal,Vehicle with vehicle collision,3,1,Going straight,Driver or rider,Male,Under 18,3,Driver,Normal,No distancing,Slight Injury
Unknown,Male,,Owner,,Owner,2-5yrs,No defect,Other,Asphalt roads,Dry,Daylight,Normal,Collision with roadside objects,2,1,Going straight,Pedestrian,Female,Over 51,3,Driver,Normal,Driving to the left,Serious Injury
Under 18,Male,Junior high school,Owner,5-10yr,Owner,Below 1yr,No defect, Hospital areas,Asphalt roads,Dry,Daylight,Normal,Collision with roadside objects,2,1,Going straight,Driver or rider,Male,31-50,3,Driver,Normal,Driving carelessly,Serious Injury
18-30,Male,Junior high school,Owner,Below 1yr,Owner,2-5yrs,,Other,Asphalt roads,Dry,Daylight,Normal,Vehicle with vehicle collision,2,1,Going straight,Pedestrian,Male,31-50,3,Driver,Normal,Driving carelessly,Slight Injury
18-30,Male,Junior high school,Owner,2-5yr,Owner,,,Other,Earth roads,Dry,Daylight,Normal,Vehicle with vehicle collision,2,1,Other,na,na,na,na,Driver,Normal,Changing lane to the right,Slight Injury
31-50,Male,Elementary school,Employee,2-5yr,Owner,,,Other,Asphalt roads,Dry,Daylight,Normal,Collision with roadside objects,2,2,Going straight,Driver or rider,Female,31-50,3,Self-employed,Normal,Driving carelessly,Serious Injury
31-50,Male,Junior high school,Employee,2-5yr,,,,Other,Asphalt roads,Dry,Daylight,Normal,Collision with roadside objects,2,2,Going straight,Driver or rider,Male,Over 51,3,,,Changing lane to the left,Serious Injury
Unknown,Male,Junior high school,Employee,2-5yr,Governmental,,No defect,Other,Asphalt roads,Dry,Daylight,Normal,Vehicle with vehicle collision,2,1,Going straight,na,na,na,na,Self-employed,Normal,Driving carelessly,Slight Injury
18-30,Male,Junior high school,Employee,5-10yr,Owner,Above 10yr,No defect, Hospital areas,Asphalt roads,Dry,Daylight,Normal,Vehicle with vehicle collision,2,1,Going straight,Driver or rider,Male,18-30,3,Driver,Normal,Driving carelessly,Slight Injury
Unknown,Male,Junior high school,Employee,5-10yr,,Above 10yr,No defect,Other,Asphalt roads,Dry,Daylight,Normal,Vehicle with vehicle collision,2,2,Going straight,na,na,na,na,,,Driving under the influence of drugs,Serious Injury
18-30,Male,Junior high school,Employee,Above 10yr,Owner,,No defect,Other,Asphalt roads,Dry,Daylight,Normal,Collision with roadside objects,2,2,Going straight,na,na,na,na,,,Driving carelessly,Serious Injury
18-30,Male,Elementary school,Employee,5-10yr,Owner,2-5yrs,No defect,Other,Asphalt roads,Dry,Daylight,Normal,Vehicle with vehicle collision,2,2,Moving Backward,Driver or rider,Male,31-50,3,Driver,Normal,No distancing,Serious Injury
Unknown,Male,Junior high school,Employee,5-10yr,Owner,,,Office areas,Asphalt roads,Dry,Daylight,Normal,Collision with roadside-parked vehicles,1,1,Going straight,Driver or rider,Female,18-30,3,Driver,Normal,Driving carelessly,Slight Injury
18-30,Male,Junior high school,Employee,Above 10yr,Owner,Unknown,,Residential areas,Other,Dry,Daylight,Normal,Vehicle with vehicle collision,3,1,Going straight,Driver or rider,Male,Over 51,3,Driver,Normal,Driving to the left,Slight Injury
31-50,Male,Elementary school,Owner,,Owner,2-5yrs,No defect,Other,Asphalt roads,Dry,Daylight,Normal,Collision with roadside objects,3,1,Going straight,na,na,na,na,Self-employed,Normal,Overtaking,Slight Injury
Over 51,Male,Junior high school,Owner,5-10yr,Owner,Unknown,,Residential areas,Asphalt roads,Dry,Daylight,Normal,Vehicle with vehicle collision,3,1,Going straight,Driver or rider,Male,Under 18,3,Driver,Normal,No distancing,Slight Injury
31-50,Male,Junior high school,Employee,5-10yr,Owner,Unknown,,Other,Asphalt roads,Dry,Daylight,Normal,Vehicle with vehicle collision,3,1,Going straight,na,na,na,na,Self-employed,Normal,Driving carelessly,Slight Injury
31-50,Male,Junior high school,Employee,Below 1yr,Owner,2-5yrs,,Residential areas,Asphalt roads,Dry,Daylight,Normal,Vehicle with vehicle collision,3,1,Going straight,Driver or rider,Male,18-30,3,Driver,Normal,No priority to vehicle,Slight Injury
Unknown,Male,,,,Owner,,,Office areas,Asphalt roads,Dry,Daylight,Normal,Vehicle with vehicle collision,2,1,Going straight,na,na,na,na,Driver,Normal,No priority to vehicle,Slight Injury
18-30,Male,Junior high school,Employee,5-10yr,Owner,5-10yrs,,Office areas,Asphalt roads,Dry,Daylight,Normal,Vehicle with vehicle collision,2,1,Getting off,Driver or rider,Male,18-30,2,,,No priority to vehicle,Slight Injury
18-30,Male,Junior high school,Employee,5-10yr,Owner,Unknown,,Office areas,Asphalt roads,Dry,Darkness - lights lit,Normal,Collision with roadside-parked vehicles,2,1,Going straight,na,na,na,na,,,No priority to vehicle,Slight Injury
31-50,Male,Junior high school,Employee,Above 10yr,Owner,,,  Recreational areas,Earth roads,Dry,Darkness - lights lit,Normal,Collision with roadside-parked vehicles,2,1,Going straight,Passenger,Male,Over 51,3,Self-employed,Normal,No distancing,Slight Injury
Unknown,Male,High school,Employee,Above 10yr,Owner,,,Other,Asphalt roads,Dry,Daylight,Normal,Collision with animals,2,1,Turnover,Pedestrian,Male,Under 18,3,Driver,Normal,Moving Backward,Slight Injury
Under 18,Male,Junior high school,Employee,Above 10yr,Owner,,,Other,Asphalt roads,Dry,Daylight,Normal,Collision with animals,2,1,Moving Backward,Driver or rider,Male,Under 18,3,Driver,Normal,No distancing,Slight Injury
Under 18,Male,Junior high school,Employee,Above 10yr,Owner,5-10yrs,,Other,Asphalt roads,Dry,Daylight,Normal,Collision with animals,2,1,Going straight,na,na,na,na,Self-employed,Normal,Changing lane to the left,Slight Injury
Under 18,Male,Junior high school,Employee,Above 10yr,Owner,,,Other,Asphalt roads,Dry,Daylight,Normal,Collision with animals,2,1,Moving Backward,na,na,na,na,Driver,Normal,Changing lane to the left,Slight Injury
Unknown,Male,Junior high school,Employee,Above 10yr,Owner,2-5yrs,No defect,Other,Asphalt roads,Dry,Daylight,Normal,Collision with animals,2,1,Going straight,Driver or rider,Male,18-30,3,Driver,Normal,No priority to pedestrian,Slight Injury
18-30,Male,Junior high school,Employee,5-10yr,Owner,2-5yrs,No defect,Office areas,Asphalt roads,Dry,Daylight,Normal,Collision with animals,2,1,,na,na,na,na,,Normal,Moving Backward,Slight Injury
Unknown,Female,Junior high school,Employee,2-5yr,Owner,Above 10yr,No defect,Office areas,Asphalt roads,Dry,Darkness - lights lit,Normal,Collision with animals,1,1,Going straight,Driver or rider,Male,31-50,3,Driver,Normal,Changing lane to the left,Slight Injury
Over 51,Male,Junior high school,Employee,Below 1yr,Owner,Unknown,No defect,Office areas,Asphalt roads,Dry,Darkness - lights lit,Normal,Collision with animals,2,1,,Pedestrian,Female,31-50,3,Self-employed,Normal,No distancing,Slight Injury
18-30,Male,Junior high school,Employee,Below 1yr,Owner,Above 10yr,No defect,Residential areas,Asphalt roads,Dry,Darkness - lights lit,Normal,Collision with animals,2,1,Going straight,Pedestrian,Female,18-30,3,Self-employed,Normal,No priority to vehicle,Slight Injury
18-30,Male,Junior high school,Employee,2-5yr,Governmental,Below 1yr,No defect,  Recreational areas,Asphalt roads,Dry,Daylight,Normal,Collision with animals,2,1,,Driver or rider,Male,31-50,3,,Normal,Changing lane to the right,Slight Injury
18-30,Male,Elementary school,Employee,Below 1yr,Owner,Unknown,No defect, Church areas,Asphalt roads,Dry,Daylight,Normal,Collision with animals,2,1,Going straight,na,na,na,na,Self-employed,Normal,No distancing,Slight Injury
Over 51,Male,Junior high school,Employee,Below 1yr,Owner,Unknown,No defect,Office areas,Asphalt roads,Dry,Daylight,Normal,Collision with animals,2,1,Going straight,Pedestrian,Female,18-30,3,Driver,Normal,No distancing,Slight Injury
Under 18,Male,Junior high school,Employee,,Owner,Unknown,No defect,Other,Asphalt roads,Dry,Daylight,Normal,Other,2,1,Going straight,na,na,na,na,Driver,Normal,Getting off the vehicle improperly,Slight Injury
18-30,Male,,Employee,5-10yr,Owner,,,Residential areas,Asphalt roads,Dry,Daylight,Normal,Rollover,2,2,Going straight,Driver or rider,Male,31-50,3,,Normal,No priority to pedestrian,Slight Injury
18-30,Male,Writing & reading,Employee,Below 1yr,Owner,,No defect,School areas,Asphalt roads,Dry,Daylight,Normal,Collision with animals,2,2,Going straight,Pedestrian,Female,18-30,3,Driver,Normal,Changing lane to the left,Slight Injury
18-30,Male,Junior high school,Employee,Below 1yr,Owner,1-2yr,No defect,Office areas,Earth roads,Dry,Daylight,Normal,Rollover,2,3,Other,Pedestrian,Male,Under 18,3,Driver,Normal,No distancing,Slight Injury
31-50,Male,Junior high school,Employee,1-2yr,Owner,Above 10yr,No defect,Other,Asphalt roads,Dry,Daylight,Normal,Collision with animals,2,3,Other,na,na,na,na,Driver,Normal,Driving carelessly,Slight Injury
31-50,Male,Elementary school,Employee,Above 10yr,Owner,Unknown,No defect,Other,,Dry,Daylight,Normal,Collision with animals,2,3,Going straight,Driver or rider,Female,31-50,3,Self-employed,Normal,No distancing,Slight Injury
18-30,Male,Elementary school,Employee,Above 10yr,Organization,2-5yrs,,Office areas,Asphalt roads,Dry,Daylight,Normal,Vehicle with vehicle collision,4,1,Going straight,Pedestrian,Male,18-30,2,Driver,Normal,Changing lane to the right,Slight Injury
Over 51,Male,Elementary school,Employee,Below 1yr,Owner,,,Office areas,Asphalt roads,Dry,Daylight,Normal,Fall from vehicles,4,1,Getting off,na,na,na,na,Driver,Normal,Overtaking,Slight Injury