Age_band_of_driver,Sex_of_driver,Educational_level,Vehicle_driver_relation,Driving_experience,Owner_of_vehicle,Service_year_of_vehicle,Defect_of_vehicle,Area_accident_occured,Road_surface_type,Road_surface_conditions,Light_conditions,Weather_conditions,Type_of_collision,Number_of_vehicles_involved,Number_of_casualties,Vehicle_movement,Casualty_class,Sex_of_casualty,Age_band_of_casualty,Casualty_severity,Work_of_casuality,Fitness_of_casuality,Cause_of_accident,Accident_severity
18-30,Male,Writing & reading,Employee,5-10yr,Owner,Above 10yr,No defect, Church areas,Other,Dry,Daylight,Normal,Vehicle with vehicle collision,4,5,Turnover,Driver or rider,Male,18-30,3,Self-employed,Normal,Changing lane to the left,Slight Injury
18-30,Male,Junior high school,Employee,5-10yr,Owner,,No defect,Office areas,Asphalt roads,Dry,Daylight,Normal,Vehicle with vehicle collision,4,5,Moving Backward,Pedestrian,Female,31-50,3,Driver,Normal,No distancing,Slight Injury
31-50,Male,Junior high school,Employee,2-5yr,Owner,,No defect,Other,Asphalt roads,Dry,Daylight,Normal,Vehicle with vehicle collision,4,5,Going straight,Pedestrian,Female,Over 51,3,,Normal,Driving under the influence of drugs,Slight Injury
18-30,Male,Junior high school,Employee,Above 10yr,Owner,,No defect,Office areas,Asphalt roads,Dry,Daylight,Normal,Vehicle with vehicle collision,4,5,Going straight,na,na,na,na,Driver,Normal,Changing lane to the left,Slight Injury
31-50,Male,Junior high school,Employee,5-10yr,Owner,,No defect,Office areas,Asphalt roads,Dry,Daylight,Normal,Vehicle with vehicle collision,2,1,Going straight,Driver or rider,Male,31-50,3,,,Changing lane to the right,Slight Injury
31-50,Male,Junior high school,Employee,Above 10yr,Owner,Above 10yr,No defect,Office areas,Asphalt roads with some distress,Dry,Daylight,Normal,Collision with roadside objects,2,1,Going straight,na,na,na,na,Driver,Normal,Driving to the left,Slight Injury
18-30,Male,Junior high school,Employee,2-5yr,Owner,Above 10yr,No defect, Church areas,,Dry,Daylight,Normal,Collision with roadside objects,2,1,Reversing,Driver or rider,Male,Over 51,3,,,Driving at high speed,Serious Injury
Under 18,Male,Junior high school,Employee,Below 1yr,Owner,Above 10yr,No defect,Office areas,Asphalt roads,Dry,Daylight,Normal,Collision with roadside objects,2,1,Going straight,na,na,na,na,Self-employed,NormalNormal,Overtaking,Serious Injury
Unknown,Male,Junior high school,Employee,Below 1yr,Owner,5-10yrs,No defect,Other,Asphalt roads,Wet or damp,Daylight,Normal,Vehicle with vehicle collision,2,1,Going straight,Driver or rider,Male,18-30,3,Driver,Normal,Changing lane to the right,Slight Injury
31-50,Male,Junior high school,Owner,5-10yr,Owner,,,Other,Asphalt roads,Wet or damp,Daylight,Normal,Vehicle with vehicle collision,2,1,Going straight,Driver or rider,Female,31-50,3,Driver,Normal,Changing lane to the right,Slight Injury
31-50,Male,Junior high school,Employee,2-5yr,Owner,5-10yrs,No defect, Church areas,Asphalt roads,Dry,Daylight,Normal,Vehicle with vehicle collision,2,1,Going straight,na,na,na,na,Other,Normal,Moving Backward,Slight Injury
Under 18,Male,Elementary school,Employee,Below 1yr,Owner,1-2yr,,School areas,Earth roads,Dry,Daylight,Normal,Vehicle with vehicle collision,2,1,Getting off,Driver or rider,Male,31-50,3,,,Moving Backward,Slight Injury
31-50,Male,Junior high school,Employee,2-5yr,,,, Church areas,Asphalt roads,Dry,Daylight,Normal,Collision with pedestrians,2,1,Going straight,na,na,na,na,,,Changing lane to the left,Slight Injury
31-50,Male,Junior high school,Employee,5-10yr,Owner,Above 10yr,,Office areas,Asphalt roads,Dry,Daylight,Normal,Collision with pedestrians,2,1,Going straight,Driver or rider,Male,18-30,3,Other,Normal,Moving Backward,Slight Injury
18-30,Male,High school,Employee,Above 10yr,Owner,2-5yrs,No defect,Other,Asphalt roads,Dry,Daylight,Normal,Vehicle with vehicle collision,2,1,Going straight,Pedestrian,Male,5,3,Driver,Normal,No distancing,Slight Injury
18-30,Male,High school,Employee,Above 10yr,Owner,Above 10yr,, Church areas,Asphalt roads,Dry,Daylight,Normal,Vehicle with vehicle collision,2,1,Going straight,Driver or rider,Male,18-30,3,Driver,Normal,Moving Backward,Slight Injury
31-50,Male,Junior high school,Employee,5-10yr,Governmental,1-2yr,No defect,Other,Asphalt roads,Dry,Daylight,Normal,Vehicle with vehicle collision,2,2,Reversing,na,na,na,na,,,Changing lane to the right,Slight Injury
31-50,Male,Elementary school,Employee,1-2yr,Governmental,Above 10yr,,Other,Asphalt roads,Dry,Daylight,Normal,Vehicle with vehicle collision,2,2,Moving Backward,Driver or rider,Male,31-50,3,Driver,Normal,Changing lane to the left,Slight Injury
Over 51,Male,Elementary school,Employee,5-10yr,Organization,5-10yrs,No defect,Office areas,Asphalt roads,Dry,Daylight,Normal,Vehicle with vehicle collision,2,2,Going straight,na,na,na,na,,,No priority to vehicle,Slight Injury
18-30,Male,Junior high school,Employee,5-10yr,Organization,Above 10yr,No defect,Other,Asphalt roads,Dry,Daylight,Normal,Vehicle with vehicle collision,2,2,Going straight,Driver or rider,Male,31-50,3,Driver,Normal,No distancing,Serious Injury
18-30,Male,Junior high school,Employee,1-2yr,Owner,2-5yrs,No defect,Other,Asphalt roads,Dry,Daylight,Normal,Vehicle with vehicle collision,2,2,Going straight,na,na,na,na,Driver,Normal,No priority to vehicle,Serious Injury
Over 51,Male,Junior high school,Owner,5-10yr,Governmental,,No defect,Residential areas,Asphalt roads,Dry,Daylight,Normal,Vehicle with vehicle collision,2,1,Going straight,Driver or rider,Female,Under 18,3,,,Driving under the influence of drugs,Slight Injury
Over 51,Male,High school,Owner,Above 10yr,Owner,2-5yrs,No defect,Office areas,Asphalt roads,Dry,Daylight,Normal,Vehicle with vehicle collision,2,1,Going straight,na,na,na,na,,,Changing lane to the right,Slight Injury
Under 18,Male,,Owner,Below 1yr,Owner,2-5yrs,No defect, Church areas,Gravel roads,Wet or damp,Daylight,Raining,Vehicle with vehicle collision,2,4,Going straight,Pedestrian,Female,Over 51,3,,,No distancing,Slight Injury
Under 18,Male,Writing & reading,Owner,5-10yr,Owner,1-2yr,No defect,,Asphalt roads,Wet or damp,Daylight,Raining,Collision with roadside objects,2,4,Turnover,na,na,na,na,,,No distancing,Slight Injury
Under 18,Male,Above high school,Employee,Above 10yr,Owner,Above 10yr,,  Market areas,Asphalt roads,Wet or damp,Daylight,Raining,Rollover,2,4,Going straight,Driver or rider,Male,18-30,2,Other,Normal,Changing lane to the left,Slight Injury
Under 18,Male,High school,Employee,Below 1yr,Owner,Above 10yr,,Other,Asphalt roads,Wet or damp,Daylight,Raining,Vehicle with vehicle collision,2,4,Other,Driver or rider,Female,Over 51,3,Self-employed,Normal,Changing lane to the right,Slight Injury
31-50,Male,Junior high school,Employee,1-2yr,Owner,,No defect,Other,Asphalt roads,Dry,Daylight,Normal,Vehicle with vehicle collision,2,1,Going straight,na,na,na,na,,,Changing lane to the right,Serious Injury
31-50,Male,Junior high school,Employee,Above 10yr,Owner,,No defect, Church areas,Asphalt roads,Dry,Daylight,Normal,Vehicle with vehicle collision,2,1,Going straight,na,na,na,na,Student,Normal,Driving under the influence of drugs,Serious Injury
Unknown,Female,Junior high school,Owner,Above 10yr,Governmental,1-2yr,No defect,Residential areas,Asphalt roads,Dry,Daylight,Normal,Vehicle with vehicle collision,2,2,Going straight,Driver or rider,Male,18-30,3,Other,Normal,Moving Backward,Slight Injury
18-30,Male,Junior high school,Employee,Above 10yr,Owner,Unknown,No defect,Other,Asphalt roads,Dry,Daylight,Normal,Vehicle with vehicle collision,2,2,Going straight,Driver or rider,Male,31-50,3,Driver,Normal,Changing lane to the left,Slight Injury
18-30,Male,Junior high school,Employee,No Licence,Owner,Unknown,No defect,Other,Asphalt roads,Dry,Daylight,Normal,Collision with roadside objects,2,2,Going straight,Pedestrian,Male,18-30,3,Other,Normal,No priority to pedestrian,Slight Injury
Under 18,Male,Junior high school,Employee,1-2yr,Owner,Unknown,No defect,Other,Asphalt roads,Dry,Daylight,Normal,Collision with roadside objects,1,1,Moving Backward,na,na,na,na,Driver,Normal,No distancing,Serious Injury
Unknown,Male,Illiterate,Owner,1-2yr,Owner,,No defect,  Recreational areas,Asphalt roads,Wet or damp,Daylight,Raining,Vehicle with vehicle collision,2,1,Moving Backward,Driver or rider,Male,31-50,3,Other,Normal,No distancing,Slight Injury
18-30,Male,Junior high school,Owner,Below 1yr,Owner,Unknown,No defect,  Recreational areas,Asphalt roads,Wet or damp,Daylight,Raining,Collision with roadside objects,2,1,Moving Backward,na,na,na,na,,Normal,Changing lane to the left,Slight Injury
31-50,Male,Junior high school,Owner,1-2yr,Owner,,No defect,Other,Asphalt roads,Dry,Darkness - lights lit,Normal,Vehicle with vehicle collision,1,1,Other,Pedestrian,Female,18-30,3,Driver,Normal,Changing lane to the right,Slight Injury
18-30,Male,Junior high school,Owner,2-5yr,Organization,1-2yr,No defect,Office areas,Asphalt roads,Dry,Darkness - lights lit,Normal,Vehicle with vehicle collision,3,2,Going straight,na,na,na,na,Driver,Normal,Driving carelessly,Slight Injury
18-30,Male,Unknown,Owner,5-10yr,Owner,2-5yrs,No defect,Residential areas,Asphalt roads,Dry,Darkness - lights lit,Normal,Vehicle with vehicle collision,3,2,Unknown,Driver or rider,Male,18-30,3,Self-employed,Normal,No distancing,Slight Injury
18-30,Male,Unknown,Owner,Above 10yr,Owner,2-5yrs,No defect,Other,Asphalt roads,Dry,Darkness - lights lit,Normal,Vehicle with vehicle collision,3,2,Turnover,na,na,na,na,,,Changing lane to the left,Slight Injury
31-50,Male,Junior high school,Owner,2-5yr,,1-2yr,,Residential areas,Asphalt roads,Dry,Darkness - lights lit,Normal,Vehicle with vehicle collision,3,2,Getting off,Pedestrian,Male,31-50,3,,,Moving Backward,Slight Injury
31-50,Male,Elementary school,Owner,Above 10yr,Owner,,No defect, Church areas,Asphalt roads,Dry,Daylight,Normal,Vehicle with vehicle collision,2,1,Going straight,Pedestrian,Female,18-30,3,Employee,Normal,No distancing,Slight Injury
18-30,Male,Writing & reading,Owner,5-10yr,Owner,2-5yrs,,Other,Asphalt roads,Dry,Daylight,Normal,Collision with pedestrians,2,1,Going straight,Passenger,Male,Under 18,3,Driver,Normal,No priority to pedestrian,Slight Injury
Unknown,Female,,Owner,,Owner,5-10yrs,No defect,Office areas,Asphalt roads,Dry,Daylight,Normal,Vehicle with vehicle collision,2,1,Going straight,Driver or rider,Male,Under 18,3,Other,Normal,Changing lane to the left,Slight Injury
31-50,Male,Junior high school,Owner,5-10yr,Owner,2-5yrs,,Other,Asphalt roads,Dry,Daylight,Normal,Collision with roadside objects,2,1,Turnover,Driver or rider,Male,18-30,3,Driver,Normal,No distancing,Slight Injury
18-30,Male,Junior high school,Owner,Below 1yr,Owner,Unknown,,  Recreational areas,Asphalt roads,Wet or damp,Daylight,Normal,Vehicle with vehicle collision,4,1,Reversing,na,na,na,na,Driver,Normal,Driving carelessly,Slight Injury
31-50,Male,Junior high school,Owner,2-5yr,Owner,,No defect,Other,Asphalt roads,Wet or damp,Daylight,Normal,Collision with roadside objects,4,1,Moving Backward,na,na,na,na,Driver,Normal,No priority to vehicle,Slight Injury
18-30,Male,Elementary school,Employee,2-5yr,Owner,1-2yr,No defect,Office areas,Asphalt roads,Wet or damp,Daylight,Normal,Vehicle with vehicle collision,4,1,Other,Driver or rider,Male,5,3,Driver,Normal,Changing lane to the right,Slight Injury
31-50,Male,Junior high school,Employee,2-5yr,Governmental,,No defect,Residential areas,Asphalt roads,Wet or damp,Daylight,Normal,Vehicle with vehicle collision,4,1,Going straight,na,na,na,na,Driver,Normal,Moving Backward,Slight Injury
18-30,Male,Junior high school,Employee,2-5yr,Owner,Unknown,No defect,Office areas,Earth roads,Dry,Daylight,Normal,Collision with pedestrians,2,1,Going straight,Driver or rider,Male,Under 18,3,Driver,Normal,No priority to vehicle,Slight Injury
18-30,Male,Junior high school,Employee,5-10yr,Owner,,No defect,Office areas,Asphalt roads,Dry,Daylight,Normal,Vehicle with vehicle collision,2,1,Going straight,Driver or rider,Male,18-30,2,Driver,Normal,No priority to pedestrian,Slight Injury
Under 18,Male,Junior high school,Employee,5-10yr,Owner,Unknown,No defect, Church areas,,Wet or damp,Darkness - lights lit,Normal,Vehicle with vehicle collision,2,1,Going straight,na,na,na,na,Driver,Normal,Changing lane to the left,Slight Injury
31-50,Male,Junior high school,Employee,Above 10yr,Owner,,No defect, Church areas,,Wet or damp,Darkness - lights lit,Normal,Vehicle with vehicle collision,2,1,Going straight,Driver or rider,Male,Under 18,3,,Normal,Changing lane to the left,Slight Injury
18-30,Male,Elementary school,Employee,5-10yr,Owner,,No defect,Residential areas,Asphalt roads,Wet or damp,Daylight,Normal,Vehicle with vehicle collision,2,1,Going straight,na,na,na,na,,Normal,Driving under the influence of drugs,Slight Injury
18-30,Male,Junior high school,Employee,5-10yr,Owner,,No defect,Other,Earth roads,Wet or damp,Daylight,Normal,Collision with pedestrians,2,1,Going straight,Pedestrian,Female,18-30,3,,Normal,Moving Backward,Slight Injury
18-30,Male,Junior high school,Employee,Above 10yr,Owner,Unknown,,Other,Asphalt roads,Dry,Daylight,Normal,Vehicle with vehicle collision,2,1,Going straight,Driver or rider,Male,18-30,2,,Normal,Changing lane to the right,Serious Injury
Under 18,Male,Elementary school,Owner,,Owner,,No defect,,Asphalt roads,Dry,Daylight,Normal,Vehicle with vehicle collision,2,1,Going straight,na,na,na,na,,Normal,Changing lane to the right,Serious Injury
18-30,Male,Junior high school,Owner,5-10yr,Owner,2-5yrs,,Residential areas,Earth roads,Dry,Daylight,Normal,Vehicle with vehicle collision,2,1,Other,na,na,na,na,,Normal,No distancing,Slight Injury
31-50,Male,Junior high school,Employee,5-10yr,Owner,Unknown,,Office areas,Asphalt roads,Dry,Daylight,Normal,Vehicle with vehicle collision,2,1,Moving Backward,Driver or rider,Male,18-30,3,,Normal,Moving Backward,Slight Injury
Over 51,Male,Junior high school,Employee,Below 1yr,Owner,Unknown,,Residential areas,Asphalt roads,Dry,Daylight,Normal,Collision with roadside objects,2,1,Going straight,na,na,na,na,,Normal,No distancing,Serious Injury
31-50,Male,,,,Owner,Unknown,No defect,Other,Asphalt roads,Dry,Daylight,Normal,Vehicle with vehicle collision,2,1,Moving Backward,Driver or rider,Male,18-30,3,Driver,,Driving carelessly,Serious Injury
Unknown,Male,Junior high school,Employee,5-10yr,Owner,,No defect,Other,Asphalt roads,Dry,Daylight,Normal,Vehicle with vehicle collision,1,1,Going straight,Pedestrian,Female,31-50,3,Driver,,No priority to pedestrian,Slight Injury
Unknown,Male,Junior high school,Employee,5-10yr,Owner,,No defect,  Recreational areas,Asphalt roads,Dry,Daylight,Normal,Vehicle with vehicle collision,2,3,Moving Backward,Pedestrian,Male,Over 51,2,Driver,Normal,No priority to vehicle,Slight Injury
31-50,Male,Junior high school,Employee,Above 10yr,Owner,5-10yrs,, Church areas,Asphalt roads,Dry,Daylight,Normal,Vehicle with vehicle collision,2,3,,Driver or rider,Female,18-30,3,Driver,Normal,Moving Backward,Slight Injury
31-50,Male,High school,Employee,Above 10yr,Owner,,,School areas,Asphalt roads,Dry,Daylight,Normal,Collision with roadside objects,2,3,Going straight,na,na,na,na,Driver,Normal,Changing lane to the right,Slight Injury
31-50,Male,Junior high school,Employee,Above 10yr,Owner,2-5yrs,,Office areas,Asphalt roads,Dry,Daylight,Normal,Vehicle with vehicle collision,2,3,Going straight,na,na,na,na,,Normal,No distancing,Slight Injury
18-30,Male,Junior high school,Employee,Above 10yr,Owner,1-2yr,,Other,Asphalt roads,Dry,Daylight,Normal,Vehicle with vehicle collision,2,1,Going straight,Passenger,Female,18-30,3,Driver,Normal,Driving carelessly,Slight Injury
31-50,Male,Junior high school,Employee,Above 10yr,Owner,5-10yrs,,Residential areas,Asphalt roads,Dry,Daylight,Normal,Vehicle with vehicle collision,2,1,Going straight,Passenger,Female,Under 18,3,Driver,Normal,Changing lane to the left,Slight Injury
Over 51,Male,Junior high school,Employee,Above 10yr,Owner,Above 10yr,,Other,Asphalt roads,Dry,Daylight,Normal,Vehicle with vehicle collision,1,1,Other,Driver or rider,Male,18-30,3,Self-employed,Normal,Moving Backward,Slight Injury
18-30,Male,Junior high school,Employee,5-10yr,Owner,1-2yr,No defect,Other,Asphalt roads,Dry,Darkness - lights lit,Normal,Vehicle with vehicle collision,1,1,Going straight,Pedestrian,Male,5,3,Driver,Normal,No distancing,Serious Injury
31-50,Male,Junior high school,Employee,2-5yr,Owner,2-5yrs,,Office areas,Asphalt roads with some distress,Dry,Daylight,Normal,Vehicle with vehicle collision,3,2,Moving Backward,Pedestrian,Male,31-50,3,Driver,Normal,Changing lane to the right,Slight Injury
31-50,Male,Junior high school,Employee,Below 1yr,Owner,,No defect,Residential areas,Asphalt roads,Dry,Daylight,Normal,Vehicle with vehicle collision,3,2,Moving Backward,Passenger,Female,31-50,3,Self-employed,Normal,No priority to vehicle,Slight Injury
Unknown,Male,Junior high school,Employee,Below 1yr,Owner,,No defect,Other,Asphalt roads,Dry,Daylight,Normal,Vehicle with vehicle collision,3,2,Moving Backward,Passenger,Female,31-50,3,,,Getting off the vehicle improperly,Slight Injury
18-30,Male,Junior high school,Employee,2-5yr,Organization,2-5yrs,,Residential areas,Asphalt roads,Dry,Daylight,Normal,Vehicle with vehicle collision,2,2,Going straight,Driver or rider,Male,18-30,3,Driver,Normal,No distancing,Slight Injury
18-30,Male,Elementary school,Employee,Below 1yr,Owner,,No defect, Church areas,Asphalt roads,Dry,Daylight,Normal,Vehicle with vehicle collision,2,2,Going straight,Pedestrian,Male,18-30,3,Other,Normal,No distancing,Slight Injury
Unknown,Male,Junior high school,Employee,Below 1yr,Governmental,,No defect,Residential areas,Asphalt roads,Dry,Daylight,Normal,Vehicle with vehicle collision,2,2,Going straight,Driver or rider,Male,18-30,3,Driver,Normal,Changing lane to the left,Slight Injury
18-30,Male,Junior high school,Employee,,Owner,,No defect,Office areas,Asphalt roads,Wet or damp,Darkness - lights lit,Normal,Collision with roadside objects,2,1,Going straight,na,na,na,na,Self-employed,Normal,No priority to vehicle,Slight Injury
Unknown,Female,,Employee,5-10yr,Governmental,Below 1yr,No defect,Residential areas,Asphalt roads,Wet or damp,Darkness - lights lit,Normal,Collision with roadside objects,2,1,Other,Driver or rider,Male,31-50,3,Driver,Normal,Driving carelessly,Slight Injury
18-30,Male,Writing & reading,Employee,Below 1yr,Owner,Unknown,No defect,Other,Asphalt roads,Dry,Daylight,Normal,Collision with roadside objects,2,2,Going straight,Passenger,Male,Over 51,3,Driver,Normal,Changing lane to the right,Serious Injury
18-30,Male,Junior high school,Employee,Below 1yr,Owner,Unknown,, Industrial areas,Asphalt roads,Dry,Daylight,Normal,Collision with pedestrians,2,2,Going straight,Driver or rider,Female,Under 18,3,,,No distancing,Serious Injury
18-30,Male,Junior high school,Employee,1-2yr,Owner,Unknown,, Church areas,Asphalt roads,Dry,Daylight,Normal,Vehicle with vehicle collision,2,2,Going straight,na,na,na,na,Driver,Normal,Changing lane to the right,Serious Injury
Unknown,Male,Elementary school,Employee,Above 10yr,Owner,2-5yrs,No defect,Residential areas,Asphalt roads,Dry,Daylight,Unknown,Vehicle with vehicle collision,2,2,Reversing,Driver or rider,Female,5,3,Driver,Normal,No distancing,Slight Injury
31-50,Male,Elementary school,Employee,Above 10yr,,,,,Asphalt roads,Dry,Daylight,Unknown,Collision with pedestrians,2,2,Moving Backward,Driver or rider,Female,Under 18,3,,,Driving under the influence of drugs,Slight Injury
31-50,Male,Elementary school,Employee,Below 1yr,,,,,Asphalt roads,Dry,Daylight,Unknown,Vehicle with vehicle collision,2,2,Going straight,Driver or rider,Male,31-50,3,,,Changing lane to the left,Slight Injury
18-30,Male,High school,Employee,2-5yr,Owner,1-2yr,No defect,Office areas,Asphalt roads,Dry,Daylight,Normal,Vehicle with vehicle collision,3,3,Going straight,na,na,na,na,Driver,Normal,Getting off the vehicle improperly,Slight Injury
18-30,Male,Junior high school,Employee,2-5yr,Owner,Above 10yr,No defect, Outside rural areas,Asphalt roads,Dry,Daylight,Normal,Vehicle with vehicle collision,3,3,Reversing,Driver or rider,Male,18-30,3,Driver,Normal,Overloading,Slight Injury
18-30,Male,Above high school,Employee,Above 10yr,Owner,Above 10yr,No defect, Church areas,Asphalt roads,Dry,Daylight,Normal,Vehicle with vehicle collision,3,3,Going straight,Pedestrian,Female,18-30,3,Student,Normal,Driving carelessly,Slight Injury
31-50,Male,Junior high school,Employee,2-5yr,Owner,,No defect,Office areas,Asphalt roads,Dry,Daylight,Normal,Vehicle with vehicle collision,3,3,Reversing,Driver or rider,Male,18-30,3,,,Overtaking,Slight Injury
Under 18,Male,Junior high school,Employee,2-5yr,Owner,Above 10yr,, Church areas,Asphalt roads,Wet or damp,Darkness - lights lit,Raining,Vehicle with vehicle collision,2,1,Other,na,na,na,na,,,No distancing,Slight Injury
31-50,Male,High school,Employee,1-2yr,,,,Office areas,Asphalt roads,Wet or damp,Darkness - lights lit,Raining,Collision with roadside objects,2,1,,Driver or rider,Male,18-30,3,,Normal,Overturning,Slight Injury
18-30,Male,Junior high school,Employee,5-10yr,Governmental,,No defect,Office areas,Gravel roads,Dry,Darkness - lights lit,Normal,Collision with pedestrians,2,1,Going straight,na,na,na,na,Driver,Normal,Driving carelessly,Serious Injury
Under 18,Male,Junior high school,Employee,Below 1yr,Owner,1-2yr,No defect,School areas,Asphalt roads,Dry,Darkness - lights lit,Normal,Vehicle with vehicle collision,2,1,Going straight,Pedestrian,Male,18-30,2,Driver,Normal,No priority to pedestrian,Serious Injury
18-30,Male,Junior high school,Employee,Below 1yr,Owner,Below 1yr,No defect,Residential areas,Asphalt roads,Dry,Daylight,Normal,Vehicle with vehicle collision,2,1,Going straight,Driver or rider,Male,18-30,3,,,No distancing,Slight Injury
18-30,Male,Elementary school,Employee,,Owner,,No defect,Office areas,Asphalt roads,Dry,Daylight,Normal,Collision with roadside objects,2,1,Going straight,na,na,na,na,,,No priority to vehicle,Slight Injury
31-50,Male,Junior high school,Employee,Below 1yr,Owner,Unknown,No defect,Rural village areasOffice areas,Asphalt roads,Wet or damp,Daylight,Normal,Vehicle with vehicle collision,2,1,Going straight,Driver or rider,Male,18-30,3,,,Getting off the vehicle improperly,Slight Injury
Over 51,Male,Junior high school,Employee,1-2yr,Owner,Unknown,No defect,Other,Asphalt roads,Wet or damp,Daylight,Normal,Vehicle with vehicle collision,2,1,Going straight,Driver or rider,Male,18-30,3,,,No priority to pedestrian,Slight Injury
18-30,Male,Elementary school,Employee,2-5yr,Owner,Unknown,No defect,Residential areas,Asphalt roads,Dry,Daylight,Normal,Vehicle with vehicle collision,2,2,Going straight,Pedestrian,Female,31-50,2,Driver,Normal,Changing lane to the right,Slight Injury
31-50,Male,High school,Employee,1-2yr,Owner,Unknown,No defect,Office areas,Asphalt roads,Dry,Daylight,Normal,Vehicle with vehicle collision,2,2,Going straight,Passenger,Female,31-50,3,Driver,Normal,Moving Backward,Slight Injury
31-50,Male,Junior high school,Employee,5-10yr,Owner,Unknown,No defect,Office areas,Asphalt roads,Dry,Daylight,Normal,Vehicle with vehicle collision,2,2,Going straight,Passenger,Male,18-30,3,Driver,Normal,Changing lane to the left,Slight Injury
31-50,Male,Junior high school,Employee,Below 1yr,Owner,Unknown,No defect,Residential areas,Asphalt roads,Wet or damp,Daylight,Raining,Vehicle with vehicle collision,1,1,Going straight,Driver or rider,Male,18-30,3,Other,Normal,No distancing,Slight Injury
Unknown,Male,High school,Employee,Above 10yr,Owner,Unknown,No defect,Office areas,Asphalt roads,Dry,Daylight,Normal,Vehicle with vehicle collision,2,1,Going straight,Passenger,Female,18-30,3,Driver,Normal,Driving carelessly,Serious Injury
Under 18,Male,Elementary school,Owner,5-10yr,Owner,Unknown,No defect,Office areas,Asphalt roads,Dry,Daylight,Normal,Vehicle with vehicle collision,2,1,Going straight,na,na,na,na,,,Driving under the influence of drugs,Serious Injury
Unknown,Female,Elementary school,Employee,Below 1yr,Owner,Unknown,No defect,Office areas,Asphalt roads,Dry,Daylight,Normal,Collision with roadside objects,1,1,Going straight,Driver or rider,Male,18-30,3,Driver,Normal,Driving carelessly,Slight Injury
Over 51,Male,Junior high school,Employee,5-10yr,Owner,Unknown,No defect,Office areas,Asphalt roads,Wet or damp,Darkness - lights lit,Other,Collision with roadside objects,2,1,Going straight,na,na,na,na,Driver,Normal,Driving carelessly,Slight Injury
31-50,Male,Elementary school,Owner,5-10yr,Owner,Unknown,No defect,Other,Asphalt roads,Wet or damp,Darkness - lights lit,Other,Collision with roadside objects,2,1,Going straight,Driver or rider,Male,31-50,3,Unemployed,Normal,Changing lane to the right,Slight Injury
Under 18,Male,Junior high school,Employee,2-5yr,Owner,Unknown,No defect,Other,Gravel roads,Wet or damp,Darkness - lights lit,Raining,Vehicle with vehicle collision,1,1,Moving Backward,na,na,na,na,Driver,Normal,No distancing,Slight Injury
31-50,Male,Junior high school,Employee,Above 10yr,Owner,2-5yrs,,Other,Asphalt roads,Dry,Daylight,Normal,Collision with pedestrians,1,1,Going straight,Passenger,Female,Under 18,3,Driver,Normal,Driving carelessly,Serious Injury
Over 51,Male,Junior high school,Employee,5-10yr,Owner,2-5yrs,,Residential areas,Asphalt roads,Dry,Daylight,Normal,Vehicle with vehicle collision,2,1,Going straight,Passenger,Male,Under 18,3,Driver,Normal,No priority to pedestrian,Slight Injury
18-30,Male,High school,Employee,1-2yr,Owner,2-5yrs,,School areas,Asphalt roads,Dry,Daylight,Normal,Collision with pedestrians,2,1,Going straight,Passenger,Female,Under 18,3,Driver,Normal,No distancing,Slight Injury
31-50,Male,Elementary school,Owner,,Owner,2-5yrs,,Residential areas,Asphalt roads,Dry,Daylight,Unknown,Vehicle with vehicle collision,2,1,Going straight,na,na,na,na,Employee,Normal,Moving Backward,Slight Injury
18-30,Male,Junior high school,Owner,5-10yr,Owner,2-5yrs,No defect,Office areas,Earth roads,Dry,Daylight,Unknown,Collision with pedestrians,2,1,Going straight,Driver or rider,Male,18-30,3,Driver,Normal,Moving Backward,Slight Injury
Unknown,Male,Junior high school,Employee,5-10yr,Owner,,No defect, Church areas,Asphalt roads,Dry,Daylight,Normal,Vehicle with vehicle collision,2,1,Reversing,na,na,na,na,Self-employed,Normal,No priority to vehicle,Slight Injury
31-50,Male,Junior high school,Employee,Below 1yr,Owner,,No defect,Other,Asphalt roads,Dry,Daylight,Normal,Vehicle with vehicle collision,2,1,Going straight,Passenger,Male,18-30,3,Driver,Normal,No distancing,Slight Injury
Over 51,Male,,,,Owner,2-5yrs,No defect,Other,,Dry,Daylight,Normal,Vehicle with vehicle collision,2,5,Going straight,Passenger,Male,18-30,3,Driver,Normal,Moving Backward,Slight Injury
31-50,Male,Junior high school,Employee,5-10yr,Owner,5-10yrs,No defect,Other,Gravel roads,Dry,Daylight,Normal,Vehicle with vehicle collision,2,5,Other,Passenger,Male,18-30,3,,,Changing lane to the right,Slight Injury
31-50,Male,Junior high school,Employee,5-10yr,Owner,,No defect,Other,Asphalt roads,Dry,Daylight,Normal,Vehicle with vehicle collision,2,5,Entering a junction,Passenger,Male,18-30,3,Driver,Normal,Moving Backward,Slight Injury
31-50,Male,Junior high school,Employee,Above 10yr,Owner,,No defect,Office areas,,Dry,Daylight,Normal,Vehicle with vehicle collision,2,5,Turnover,Driver or rider,Male,18-30,3,,,Changing lane to the right,Slight Injury
31-50,Male,High school,Employee,Above 10yr,Owner,,No defect,Office areas,Asphalt roads,Dry,Daylight,Normal,Vehicle with vehicle collision,2,5,Going straight,na,na,na,na,,,Driving carelessly,Slight Injury