Age_band_of_driver,Sex_of_driver,Educational_level,Vehicle_driver_relation,Driving_experience,Owner_of_vehicle,Service_year_of_vehicle,Defect_of_vehicle,Area_accident_occured,Road_surface_type,Road_surface_conditions,Light_conditions,Weather_conditions,Type_of_collision,Number_of_vehicles_involved,Number_of_casualties,Vehicle_movement,Casualty_class,Sex_of_casualty,Age_band_of_casualty,Casualty_severity,Work_of_casuality,Fitness_of_casuality,Cause_of_accident,Accident_severity
Over 51,Male,High school,Owner,5-10yr,Owner,,No defect,Other,Gravel roads,Dry,Daylight,Normal,Vehicle with vehicle collision,2,1,Going straight,na,na,na,na,,Normal,Moving Backward,Slight Injury
18-30,Male,Elementary school,Employee,2-5yr,Owner,,No defect,Other,Asphalt roads,Dry,Daylight,Normal,Vehicle with vehicle collision,2,1,Going straight,na,na,na,na,,Normal,No distancing,Slight Injury
18-30,Male,,,,Governmental,Unknown,,Residential areas,Asphalt roads,Dry,Daylight,Normal,Vehicle with vehicle collision,1,1,Reversing,Driver or rider,Female,18-30,3,,,No distancing,Slight Injury
18-30,Male,,,,Owner,1-2yr,No defect,Other,Asphalt roads,Dry,Daylight,Normal,Vehicle with vehicle collision,1,1,Moving Backward,Driver or rider,Male,31-50,3,Self-employed,,No distancing,Slight Injury
18-30,Male,High school,Owner,1-2yr,Owner,,No defect,Office areas,Asphalt roads,Dry,Daylight,Normal,Vehicle with vehicle collision,2,1,Overtaking,Driver or rider,Male,18-30,3,Self-employed,Normal,Changing lane to the left,Slight Injury
31-50,Male,Junior high school,Employee,1-2yr,Owner,2-5yrs,No defect,Office areas,Earth roads,Dry,Daylight,Normal,Collision with roadside objects,2,1,Going straight,na,na,na,na,,Normal,Changing lane to the left,Slight Injury
Over 51,Male,Junior high school,Employee,1-2yr,,,,Other,Asphalt roads,Dry,Daylight,Normal,Vehicle with vehicle collision,2,1,Going straight,na,na,na,na,,,Moving Backward,Slight Injury
18-30,Male,Junior high school,Employee,Above 10yr,Owner,Unknown,,Other,Asphalt roads,Dry,Daylight,Normal,Vehicle with vehicle collision,2,1,Going straight,Driver or rider,Male,Over 51,3,Driver,Normal,Changing lane to the right,Slight Injury
18-30,Male,Junior high school,Employee,1-2yr,Owner,Above 10yr,,Other,,Dry,Darkness - lights lit,Normal,Vehicle with vehicle collision,2,2,Going straight,na,na,na,na,,,No priority to vehicle,Slight Injury
Over 51,Male,High school,Owner,Above 10yr,Owner,,No defect,Office areas,Gravel roads,Dry,Darkness - lights lit,Normal,Vehicle with vehicle collision,2,2,Going straight,Driver or rider,Male,31-50,2,,,Moving Backward,Slight Injury
Over 51,Male,Junior high school,Employee,Above 10yr,Owner,Above 10yr,No defect,Office areas,Asphalt roads,Dry,Darkness - lights lit,Normal,Rollover,2,2,Going straight,Driver or rider,Female,18-30,3,,,Driving carelessly,Slight Injury
Over 51,Male,Junior high school,Employee,1-2yr,Owner,,No defect,Other,,Dry,Daylight,Normal,Vehicle with vehicle collision,2,1,Going straight,na,na,na,na,Other,Normal,Driving carelessly,Slight Injury
31-50,Male,Junior high school,Employee,1-2yr,Owner,Above 10yr,No defect, Church areas,Asphalt roads,Dry,Daylight,Normal,Vehicle with vehicle collision,2,1,Reversing,na,na,na,na,Employee,Normal,Driving under the influence of drugs,Slight Injury
31-50,Male,High school,Employee,2-5yr,Governmental,,No defect, Industrial areas,Earth roads,Dry,Darkness - lights lit,Normal,Collision with roadside objects,2,2,Going straight,Driver or rider,Male,18-30,3,Self-employed,Normal,No priority to pedestrian,Slight Injury
18-30,Male,Junior high school,Employee,2-5yr,Organization,2-5yrs,,Other,Asphalt roads,Dry,Darkness - lights lit,Normal,Vehicle with vehicle collision,2,2,Going straight,na,na,na,na,Driver,Normal,No priority to vehicle,Slight Injury
18-30,Male,Junior high school,Employee,1-2yr,Owner,5-10yrs,No defect,Other,Asphalt roads,Dry,Daylight,Normal,Vehicle with vehicle collision,2,1,Other,Driver or rider,Male,18-30,3,,,Driving carelessly,Slight Injury
18-30,Male,Elementary school,Employee,5-10yr,Owner,1-2yr,,Office areas,Asphalt roads,Dry,Daylight,Normal,Vehicle with vehicle collision,2,1,Entering a junction,na,na,na,na,Other,Normal,Moving Backward,Slight Injury
31-50,Male,Junior high school,Employee,5-10yr,Owner,Unknown,No defect,Other,Asphalt roads,Dry,Daylight,Normal,Collision with roadside objects,1,1,Turnover,Driver or rider,Male,18-30,3,,,Driving carelessly,Serious Injury
31-50,Male,Junior high school,Employee,1-2yr,Owner,Unknown,No defect,  Recreational areas,Asphalt roads,Dry,Daylight,Normal,Collision with roadside objects,2,1,Going straight,Pedestrian,Female,31-50,3,Driver,Normal,No priority to vehicle,Slight Injury
31-50,Male,Elementary school,Other,5-10yr,Governmental,Unknown,No defect,Other,Earth roads,Dry,Daylight,Normal,Vehicle with vehicle collision,2,1,Going straight,na,na,na,na,Driver,Normal,Changing lane to the right,Slight Injury
18-30,Male,Junior high school,Employee,2-5yr,Governmental,5-10yrs,No defect, Church areas,Asphalt roads,Dry,Daylight,Normal,Vehicle with vehicle collision,2,1,Going straight,Driver or rider,Male,31-50,3,Driver,Normal,Changing lane to the left,Slight Injury
18-30,Male,Elementary school,Employee,5-10yr,Owner,,,Residential areas,Asphalt roads,Dry,Daylight,Normal,Collision with roadside objects,2,1,Going straight,Driver or rider,Male,18-30,3,Driver,Normal,No priority to vehicle,Slight Injury
18-30,Male,Junior high school,Employee,Above 10yr,Owner,5-10yrs,No defect,Office areas,Asphalt roads,Dry,Daylight,Normal,Collision with roadside objects,2,1,Going straight,Driver or rider,Male,18-30,3,Driver,Normal,Driving carelessly,Slight Injury
31-50,Male,Junior high school,Employee,Above 10yr,Owner,2-5yrs,No defect,Other,Asphalt roads,Dry,Daylight,Normal,Vehicle with vehicle collision,2,1,Going straight,Driver or rider,Female,31-50,3,Driver,Normal,Moving Backward,Slight Injury
Over 51,Male,Elementary school,Owner,2-5yr,Governmental,2-5yrs,,Office areas,Asphalt roads,Dry,Daylight,Normal,Vehicle with vehicle collision,3,3,Going straight,na,na,na,na,Driver,Normal,No distancing,Slight Injury
31-50,Male,Elementary school,Employee,5-10yr,Owner,,,Office areas,Asphalt roads,Dry,Daylight,Normal,Vehicle with vehicle collision,3,3,Going straight,Passenger,Female,31-50,3,Driver,Normal,Changing lane to the left,Slight Injury
31-50,Male,Junior high school,Owner,1-2yr,Owner,,No defect,Other,Asphalt roads,Dry,Daylight,Normal,Collision with roadside objects,3,3,Getting off,Pedestrian,Male,31-50,3,Self-employed,Normal,Changing lane to the left,Slight Injury
18-30,Male,Elementary school,Employee,Above 10yr,Owner,,No defect,Residential areas,Asphalt roads,Dry,Daylight,Normal,Vehicle with vehicle collision,3,3,Getting off,na,na,na,na,Other,Normal,No distancing,Slight Injury
18-30,Male,Junior high school,Employee,5-10yr,Owner,,No defect,  Recreational areas,Asphalt roads,Dry,Daylight,Normal,Collision with roadside-parked vehicles,2,1,Getting off,Driver or rider,Male,Over 51,3,Driver,Normal,Changing lane to the left,Slight Injury
31-50,Male,Junior high school,Employee,2-5yr,Owner,,No defect, Church areas,Asphalt roads,Dry,Daylight,Normal,Vehicle with vehicle collision,2,1,Moving Backward,Driver or rider,Male,Under 18,3,Driver,Normal,Driving carelessly,Slight Injury
18-30,Male,Elementary school,Employee,Above 10yr,Owner,,No defect,Other,Asphalt roads,Wet or damp,Daylight,Raining,Collision with roadside objects,2,1,Going straight,Pedestrian,Male,Under 18,3,Self-employed,Normal,Changing lane to the left,Slight Injury
Over 51,Male,Junior high school,Employee,2-5yr,Owner,,No defect,Other,Earth roads,Wet or damp,Daylight,Raining,Vehicle with vehicle collision,2,1,Going straight,Pedestrian,Male,18-30,3,Driver,Normal,No distancing,Slight Injury
18-30,Male,Elementary school,Employee,Above 10yr,Owner,Unknown,No defect,Other,Asphalt roads,Dry,Daylight,Normal,Vehicle with vehicle collision,2,1,Waiting to go,Passenger,Male,18-30,3,Driver,Normal,Changing lane to the right,Slight Injury
31-50,Male,Junior high school,Employee,Above 10yr,Governmental,,No defect,Residential areas,Asphalt roads,Dry,Daylight,Normal,Vehicle with vehicle collision,2,1,Going straight,Driver or rider,Female,18-30,3,Driver,Normal,No distancing,Slight Injury
31-50,Male,Junior high school,Employee,2-5yr,Owner,Above 10yr,No defect,School areas,Asphalt roads,Dry,Daylight,Normal,Vehicle with vehicle collision,2,1,Other,na,na,na,na,Other,Normal,Driving to the left,Slight Injury
31-50,Male,Junior high school,Employee,Above 10yr,Owner,Above 10yr,No defect, Church areas,Asphalt roads,Dry,Daylight,Normal,Vehicle with vehicle collision,2,1,Going straight,na,na,na,na,,Normal,No distancing,Slight Injury
Unknown,Female,Junior high school,Employee,Above 10yr,Owner,Above 10yr,No defect,Other,Other,Dry,Daylight,Normal,Collision with roadside-parked vehicles,2,1,Going straight,Driver or rider,Female,18-30,3,Driver,Normal,Overtaking,Slight Injury
31-50,Male,Junior high school,Employee,Below 1yr,Owner,Below 1yr,,Other,Gravel roads,Dry,Daylight,Normal,Collision with roadside-parked vehicles,2,1,Going straight,Driver or rider,Female,31-50,3,Driver,Normal,Driving under the influence of drugs,Slight Injury
31-50,Male,Junior high school,Owner,Above 10yr,Owner,2-5yrs,,Office areas,Gravel roads,Dry,Daylight,Normal,Collision with animals,2,1,Going straight,na,na,na,na,Driver,Normal,No priority to pedestrian,Slight Injury
18-30,Male,High school,Other,Above 10yr,Owner,2-5yrs,,Office areas,Asphalt roads,Dry,Daylight,Normal,Collision with animals,2,1,Overtaking,Driver or rider,Female,18-30,3,Driver,Normal,Moving Backward,Slight Injury
18-30,Male,Junior high school,Employee,5-10yr,Owner,2-5yrs,No defect,Other,Asphalt roads,Dry,Daylight,Normal,Collision with animals,2,1,Going straight,na,na,na,na,Driver,Normal,Changing lane to the right,Slight Injury
31-50,Male,Elementary school,,,Owner,Below 1yr,No defect, Hospital areas,Earth roads,Dry,Daylight,Normal,Collision with animals,2,1,Going straight,Driver or rider,Female,18-30,3,,,Changing lane to the left,Slight Injury
18-30,Male,Junior high school,Employee,5-10yr,Owner,2-5yrs,,Other,Asphalt roads,Dry,Darkness - lights lit,Normal,Collision with animals,2,1,Going straight,na,na,na,na,Driver,Normal,Changing lane to the right,Slight Injury
31-50,Male,Junior high school,Employee,5-10yr,Owner,,,Other,Asphalt roads,Dry,Darkness - lights lit,Normal,Collision with animals,2,1,Turnover,Driver or rider,Male,31-50,3,Driver,Normal,Driving under the influence of drugs,Slight Injury
31-50,Male,Junior high school,Owner,Below 1yr,Owner,,,Other,Asphalt roads,Dry,Daylight,Normal,Collision with animals,1,4,Going straight,Driver or rider,Male,18-30,3,Driver,Normal,No priority to vehicle,Slight Injury
31-50,Male,Junior high school,Employee,5-10yr,,,,Other,Asphalt roads,Dry,Daylight,Normal,Collision with animals,1,4,Going straight,na,na,na,na,Driver,Normal,No priority to vehicle,Slight Injury
31-50,Male,Elementary school,Employee,2-5yr,Governmental,,No defect,Other,Earth roads,Dry,Daylight,Normal,Collision with animals,1,4,Getting off,Pedestrian,Female,18-30,3,Self-employed,Normal,Changing lane to the left,Slight Injury
31-50,Male,Junior high school,Owner,2-5yr,Owner,Above 10yr,No defect, Hospital areas,Asphalt roads,Dry,Daylight,Normal,Collision with animals,1,4,Moving Backward,Pedestrian,Female,31-50,3,,,Changing lane to the right,Slight Injury
Over 51,Male,Elementary school,Employee,2-5yr,,Above 10yr,No defect,Other,Asphalt roads,Dry,Daylight,Normal,Collision with animals,1,1,Getting off,Passenger,Female,5,3,Driver,Normal,Changing lane to the right,Serious Injury
Over 51,Male,Junior high school,Owner,2-5yr,Owner,,No defect,Other,Asphalt roads,Dry,Daylight,Normal,Collision with animals,1,1,Overtaking,Driver or rider,Male,18-30,3,Self-employed,Normal,Changing lane to the left,Slight Injury
31-50,Male,Junior high school,Employee,Above 10yr,Owner,2-5yrs,No defect,Other,Asphalt roads,Dry,Darkness - lights lit,Normal,Other,2,1,Going straight,na,na,na,na,Driver,Normal,Changing lane to the left,Slight Injury
Under 18,Male,Junior high school,Employee,2-5yr,Owner,,,Office areas,Asphalt roads,Dry,Darkness - lights lit,Normal,Rollover,2,1,Going straight,Driver or rider,Female,31-50,3,Employee,Normal,Getting off the vehicle improperly,Slight Injury
31-50,Male,Junior high school,Employee,1-2yr,Owner,Unknown,,Residential areas,Asphalt roads,Wet or damp,Darkness - lights lit,Normal,Collision with animals,2,1,Going straight,Driver or rider,Male,5,3,Driver,Normal,Overtaking,Serious Injury
31-50,Male,Junior high school,Employee,2-5yr,Owner,2-5yrs,No defect,Other,Asphalt roads,Wet or damp,Darkness - lights lit,Normal,Rollover,2,1,Reversing,Passenger,Male,5,3,Self-employed,Normal,Changing lane to the left,Serious Injury
Over 51,Male,Junior high school,Employee,1-2yr,Owner,Unknown,,Residential areas,Asphalt roads,Dry,Daylight,Normal,Collision with animals,1,2,Getting off,na,na,na,na,,,Driving under the influence of drugs,Slight Injury
Over 51,Male,Junior high school,Employee,5-10yr,Owner,Unknown,,Other,Asphalt roads,Dry,Daylight,Normal,Collision with animals,1,2,Going straight,Driver or rider,Male,18-30,3,Driver,Normal,Driving carelessly,Slight Injury
Over 51,Male,Junior high school,Employee,5-10yr,Owner,2-5yrs,,Residential areas,Asphalt roads,Dry,Darkness - lights lit,Normal,Vehicle with vehicle collision,2,3,Going straight,na,na,na,na,Driver,Normal,Moving Backward,Slight Injury
Over 51,Male,Elementary school,Owner,2-5yr,Owner,,,Office areas,Earth roads,Dry,Darkness - lights lit,Normal,Fall from vehicles,2,3,Going straight,Driver or rider,Male,Under 18,3,Driver,Normal,No distancing,Slight Injury
31-50,Male,Elementary school,Employee,Below 1yr,Owner,5-10yrs,,Office areas,Asphalt roads,Dry,Darkness - lights lit,Normal,Collision with roadside-parked vehicles,2,3,Reversing,na,na,na,na,,Normal,No priority to vehicle,Slight Injury
18-30,Male,,,,Owner,Unknown,,Office areas,Asphalt roads,Dry,Daylight,Normal,Collision with roadside-parked vehicles,2,1,Going straight,Driver or rider,Female,18-30,3,,,Overturning,Serious Injury
18-30,Male,Junior high school,Employee,Above 10yr,Owner,,,  Recreational areas,Asphalt roads,Dry,Daylight,Normal,Rollover,2,1,Stopping,na,na,na,na,Driver,Normal,Changing lane to the left,Serious Injury
31-50,Male,High school,Employee,1-2yr,Owner,,,Other,Asphalt roads,Dry,Daylight,Normal,Collision with animals,2,1,Overtaking,Driver or rider,Male,Under 18,3,,Normal,No distancing,Fatal injury
31-50,Male,Junior high school,Owner,5-10yr,Owner,,,Other,Earth roads,Dry,Daylight,Normal,Collision with animals,2,1,Going straight,Pedestrian,Male,18-30,3,,Normal,Moving Backward,Fatal injury
18-30,Male,Junior high school,Employee,1-2yr,Owner,5-10yrs,,Other,Asphalt roads,Dry,Daylight,Normal,Fall from vehicles,2,1,Reversing,Driver or rider,Male,Under 18,2,Self-employed,Normal,No priority to vehicle,Slight Injury
18-30,Male,Junior high school,Employee,Above 10yr,Owner,,,Other,Asphalt roads,Dry,Daylight,Normal,Collision with roadside-parked vehicles,2,1,Going straight,Driver or rider,Female,31-50,3,Self-employed,Normal,No priority to vehicle,Slight Injury
Over 51,Male,Junior high school,Employee,Below 1yr,Owner,2-5yrs,No defect,Other,Asphalt roads,Dry,Daylight,Normal,Collision with animals,2,1,Going straight,na,na,na,na,,Normal,No distancing,Slight Injury
Over 51,Male,Elementary school,Employee,2-5yr,Owner,2-5yrs,No defect,Office areas,Asphalt roads,Dry,Daylight,Normal,Collision with animals,2,1,Reversing,Driver or rider,Female,Over 51,3,Driver,Normal,No distancing,Slight Injury
18-30,Male,Junior high school,Employee,5-10yr,Owner,Above 10yr,No defect,Office areas,Asphalt roads,Dry,Daylight,Normal,Collision with pedestrians,3,1,Going straight,na,na,na,na,Other,Normal,Overtaking,Slight Injury
18-30,Male,Elementary school,Employee,5-10yr,Owner,Unknown,No defect,Office areas,Asphalt roads,Dry,Daylight,Normal,Vehicle with vehicle collision,3,1,Waiting to go,Driver or rider,Male,18-30,3,Employee,Normal,Driving under the influence of drugs,Slight Injury
31-50,Male,Junior high school,Owner,1-2yr,Owner,Above 10yr,No defect,Residential areas,Asphalt roads,Dry,Daylight,Normal,Vehicle with vehicle collision,3,1,Going straight,na,na,na,na,Driver,Normal,Changing lane to the right,Slight Injury
18-30,Male,Junior high school,Employee,5-10yr,Governmental,Below 1yr,No defect,  Recreational areas,Asphalt roads,Dry,Darkness - lights lit,Normal,Collision with pedestrians,2,1,Going straight,Driver or rider,Male,18-30,3,Driver,Normal,Changing lane to the left,Slight Injury
Over 51,Male,Unknown,Other,,Owner,Unknown,No defect, Church areas,Other,Dry,Darkness - lights lit,Normal,Vehicle with vehicle collision,2,1,Going straight,Passenger,Female,Over 51,3,Employee,Normal,Driving carelessly,Slight Injury
18-30,Male,High school,Employee,2-5yr,Owner,Unknown,No defect,Office areas,Asphalt roads,Dry,Darkness - lights lit,Normal,Collision with roadside objects,2,2,Going straight,Pedestrian,Male,31-50,3,Driver,Normal,Moving Backward,Slight Injury
31-50,Male,Junior high school,Employee,1-2yr,Owner,Unknown,No defect,Other,Asphalt roads,Dry,Darkness - lights lit,Normal,Vehicle with vehicle collision,2,2,Getting off,Pedestrian,Male,Under 18,3,Driver,Normal,Moving Backward,Slight Injury
18-30,Male,Junior high school,Employee,5-10yr,Owner,,,Residential areas,Asphalt roads,Dry,Darkness - lights lit,Normal,Vehicle with vehicle collision,2,1,Going straight,Driver or rider,Female,31-50,3,Driver,Normal,Changing lane to the right,Slight Injury
18-30,Male,Junior high school,Employee,2-5yr,Owner,,No defect,School areas,Asphalt roads,Dry,Darkness - lights lit,Normal,Vehicle with vehicle collision,2,1,Going straight,na,na,na,na,Driver,Normal,No priority to vehicle,Slight Injury
18-30,Male,Junior high school,Employee,No Licence,Owner,1-2yr,No defect,Office areas,Asphalt roads,Dry,Daylight,Normal,Rollover,2,1,Going straight,Driver or rider,Female,31-50,3,,Normal,Driving at high speed,Slight Injury
Over 51,Male,Junior high school,Employee,Above 10yr,Owner,Above 10yr,No defect,Other,Asphalt roads,Dry,Daylight,Normal,Vehicle with vehicle collision,2,1,Reversing,na,na,na,na,,Normal,Driving under the influence of drugs,Slight Injury
31-50,Male,Junior high school,Employee,Above 10yr,Owner,Unknown,No defect,Other,Asphalt roads,Dry,Daylight,Normal,Vehicle with vehicle collision,1,1,Turnover,na,na,na,na,,Normal,Changing lane to the right,Slight Injury
Under 18,Male,Junior high school,Employee,5-10yr,Organization,2-5yrs,,Office areas,Earth roads,Dry,Darkness - no lighting,Normal,Vehicle with vehicle collision,1,4,Going straight,Driver or rider,Male,18-30,3,,Normal,Driving carelessly,Serious Injury
Under 18,Male,High school,Employee,2-5yr,Owner,,,Office areas,Asphalt roads,Dry,Darkness - no lighting,Normal,Collision with pedestrians,1,4,Going straight,na,na,na,na,,Normal,No distancing,Serious Injury
Under 18,Male,High school,Owner,2-5yr,Owner,5-10yrs,,Other,Asphalt roads,Dry,Darkness - no lighting,Normal,Vehicle with vehicle collision,1,4,Going straight,Driver or rider,Female,18-30,3,,Normal,Changing lane to the left,Serious Injury
Under 18,Male,Junior high school,Employee,Below 1yr,Owner,5-10yrs,No defect,Office areas,Asphalt roads,Dry,Darkness - no lighting,Normal,Collision with roadside objects,1,4,Going straight,Driver or rider,Female,31-50,2,,,No distancing,Serious Injury
Over 51,Male,Junior high school,Owner,Above 10yr,Owner,2-5yrs,No defect, Industrial areas,Asphalt roads,Dry,Darkness - lights unlit,Normal,Vehicle with vehicle collision,3,1,Getting off,na,na,na,na,Self-employed,,No distancing,Slight Injury
31-50,Male,Junior high school,Employee,Above 10yr,Owner,Unknown,No defect,Office areas,Asphalt roads,Dry,Darkness - lights unlit,Normal,Rollover,3,1,Going straight,na,na,na,na,Self-employed,Normal,Getting off the vehicle improperly,Slight Injury
31-50,Male,Elementary school,Employee,2-5yr,Owner,,,Other,Asphalt roads,Dry,Darkness - lights unlit,Normal,Vehicle with vehicle collision,3,1,Going straight,Driver or rider,Male,18-30,3,,Normal,Overtaking,Slight Injury
18-30,Male,Junior high school,Employee,2-5yr,Owner,Above 10yr,,Other,Asphalt roads,Dry,Daylight,Normal,Vehicle with vehicle collision,2,1,Going straight,Driver or rider,Male,31-50,3,,,Driving carelessly,Slight Injury
31-50,Male,Unknown,Employee,Above 10yr,Owner,Unknown,,Office areas,Asphalt roads,Dry,Daylight,Normal,Vehicle with vehicle collision,2,1,Going straight,na,na,na,na,Driver,Normal,Driving under the influence of drugs,Slight Injury
31-50,Male,Elementary school,Employee,5-10yr,,,, Church areas,Asphalt roads,Dry,Daylight,Normal,Vehicle with vehicle collision,1,1,Going straight,Driver or rider,Male,31-50,3,,,Moving Backward,Slight Injury
18-30,Male,Junior high school,Employee,Below 1yr,Owner,,,Office areas,Asphalt roads,Dry,Daylight,Normal,Vehicle with vehicle collision,1,1,Going straight,Passenger,Female,Under 18,3,,,Overturning,Slight Injury
Unknown,Female,Elementary school,Employee,Below 1yr,Owner,,,Residential areas,Asphalt roads,Dry,Darkness - lights lit,Normal,Collision with roadside objects,2,3,Going straight,na,na,na,na,,,Driving under the influence of drugs,Slight Injury
18-30,Male,Junior high school,Employee,Below 1yr,Owner,Unknown,No defect,  Recreational areas,Asphalt roads,Dry,Darkness - lights lit,Normal,Vehicle with vehicle collision,2,3,Going straight,na,na,na,na,Other,Normal,Changing lane to the right,Slight Injury
18-30,Male,Junior high school,Employee,5-10yr,Governmental,5-10yrs,,Other,Asphalt roads,Dry,Darkness - lights lit,Normal,Vehicle with vehicle collision,2,3,Going straight,Driver or rider,Male,18-30,3,Employee,Normal,Changing lane to the left,Slight Injury
18-30,Male,Junior high school,Owner,5-10yr,Owner,Unknown,No defect, Church areas,Asphalt roads,Dry,Darkness - lights lit,Normal,Collision with roadside objects,2,3,Going straight,na,na,na,na,Self-employed,Normal,No distancing,Slight Injury
31-50,Male,High school,Owner,5-10yr,Owner,Unknown,No defect,Other,Asphalt roads,Wet or damp,Darkness - lights lit,Raining,Collision with roadside objects,2,1,Reversing,Driver or rider,Male,31-50,3,Driver,Normal,No distancing,Slight Injury
18-30,Male,Junior high school,Employee,5-10yr,Owner,Above 10yr,No defect,Other,Earth roads,Wet or damp,Darkness - lights lit,Raining,Vehicle with vehicle collision,2,1,Going straight,Passenger,Female,31-50,3,,,No priority to vehicle,Slight Injury
18-30,Male,Junior high school,Employee,2-5yr,Owner,5-10yrs,, Church areas,Asphalt roads,Dry,Daylight,Normal,Vehicle with vehicle collision,3,1,Turnover,na,na,na,na,Other,Normal,Moving Backward,Slight Injury
31-50,Male,Elementary school,Employee,5-10yr,Owner,Unknown,,Office areas,,Dry,Daylight,Normal,Vehicle with vehicle collision,3,1,Going straight,na,na,na,na,,,Moving Backward,Slight Injury
18-30,Male,Junior high school,Employee,2-5yr,Owner,Unknown,,Office areas,Asphalt roads,Dry,Daylight,Normal,Vehicle with vehicle collision,3,1,Going straight,Pedestrian,Female,Under 18,3,Driver,Normal,Getting off the vehicle improperly,Slight Injury
18-30,Male,Junior high school,Employee,Below 1yr,Organization,5-10yrs,No defect, Church areas,Asphalt roads,Dry,Daylight,Normal,Collision with roadside objects,1,1,Going straight,Passenger,Female,31-50,3,Driver,Normal,Changing lane to the left,Serious Injury
Under 18,Male,Elementary school,Employee,2-5yr,Organization,2-5yrs,No defect,Other,Asphalt roads,Dry,Daylight,Normal,Vehicle with vehicle collision,2,1,Going straight,Passenger,Female,Over 51,3,Driver,Normal,Changing lane to the left,Slight Injury
Over 51,Male,Junior high school,Employee,2-5yr,Owner,Unknown,No defect,Other,Asphalt roads,Dry,Daylight,Normal,Vehicle with vehicle collision,2,1,Reversing,na,na,na,na,Driver,Normal,No priority to vehicle,Slight Injury
31-50,Male,Junior high school,Employee,2-5yr,Owner,Unknown,No defect, Church areas,Asphalt roads,Wet or damp,Daylight,Normal,Vehicle with vehicle collision,1,1,Going straight,na,na,na,na,Driver,Normal,Changing lane to the right,Slight Injury
18-30,Male,Junior high school,Employee,5-10yr,Owner,5-10yrs,No defect, Industrial areas,Asphalt roads,Dry,Darkness - lights lit,Normal,Vehicle with vehicle collision,1,3,Turnover,Driver or rider,Female,18-30,3,Driver,Normal,Changing lane to the right,Slight Injury
18-30,Male,Junior high school,Employee,5-10yr,Owner,Unknown,No defect,Office areas,Asphalt roads,Dry,Darkness - lights lit,Normal,Vehicle with vehicle collision,1,3,Going straight,Driver or rider,Male,5,3,Driver,Normal,Driving carelessly,Slight Injury
18-30,Male,Junior high school,Employee,,Owner,Unknown,No defect,School areas,Asphalt roads,Dry,Darkness - lights lit,Normal,Vehicle with vehicle collision,1,3,Going straight,Driver or rider,Male,18-30,3,Driver,Normal,Changing lane to the left,Slight Injury
31-50,Male,Junior high school,Owner,5-10yr,Owner,Unknown,No defect,Other,Asphalt roads,Dry,Daylight,Normal,Collision with roadside objects,1,1,Going straight,Driver or rider,Male,31-50,3,Self-employed,Normal,Changing lane to the right,Slight Injury
Under 18,Male,Junior high school,Employee,2-5yr,Owner,Unknown,No defect, Church areas,Gravel roads,Wet or damp,Darkness - lights lit,Raining,Vehicle with vehicle collision,2,1,Going straight,Pedestrian,Female,Under 18,2,Other,Normal,Driving under the influence of drugs,Slight Injury
18-30,Male,Junior high school,Employee,Below 1yr,Owner,Unknown,No defect,Office areas,Asphalt roads,Wet or damp,Darkness - lights lit,Raining,Collision with pedestrians,2,1,Going straight,Driver or rider,Male,31-50,3,Driver,Normal,Driving carelessly,Slight Injury
31-50,Male,Junior high school,Employee,1-2yr,Owner,Unknown,No defect,Other,Asphalt roads,Wet or damp,Darkness - no lighting,Normal,Collision with roadside objects,1,1,Getting off,na,na,na,na,Driver,Normal,No distancing,Serious Injury
18-30,Male,Junior high school,Employee,Below 1yr,Owner,2-5yrs,No defect,Other,Asphalt roads,Dry,Daylight,Normal,Collision with roadside objects,1,1,Moving Backward,Driver or rider,Male,18-30,3,Self-employed,Normal,No priority to vehicle,Slight Injury
31-50,Male,Junior high school,Employee,Above 10yr,Owner,Unknown,,Other,Asphalt roads,Dry,Darkness - lights lit,Normal,Vehicle with vehicle collision,1,1,Going straight,na,na,na,na,Driver,Normal,No priority to vehicle,Slight Injury
31-50,Male,Junior high school,Employee,Below 1yr,Owner,2-5yrs,,Other,Asphalt roads,Wet or damp,Darkness - lights lit,Raining,Rollover,2,1,Turnover,Pedestrian,Male,Over 51,3,Driver,Normal,No priority to vehicle,Serious Injury
31-50,Male,Junior high school,Employee,2-5yr,Owner,Above 10yr,No defect, Church areas,Asphalt roads,Wet or damp,Darkness - lights lit,Raining,Vehicle with vehicle collision,2,1,Going straight,Driver or rider,Male,18-30,3,Driver,Normal,Changing lane to the left,Serious Injury
Under 18,Male,Junior high school,Employee,1-2yr,Governmental,2-5yrs,No defect,Residential areas,Asphalt roads,Wet or damp,Darkness - lights lit,Normal,Vehicle with vehicle collision,1,2,,na,na,na,na,Other,Normal,Moving Backward,Serious Injury
Under 18,Male,Elementary school,Employee,5-10yr,Owner,2-5yrs,No defect,Office areas,Asphalt roads,Wet or damp,Darkness - lights lit,Normal,Vehicle with vehicle collision,1,2,Going straight,Driver or rider,Male,Over 51,3,,Normal,Driving carelessly,Serious Injury
18-30,Male,Junior high school,Owner,Below 1yr,Owner,2-5yrs,No defect,Other,Asphalt roads,Wet or damp,Darkness - lights lit,Raining,Vehicle with vehicle collision,1,4,Going straight,na,na,na,na,Driver,Normal,Driving under the influence of drugs,Slight Injury