Age_band_of_driver,Sex_of_driver,Educational_level,Vehicle_driver_relation,Driving_experience,Owner_of_vehicle,Service_year_of_vehicle,Defect_of_vehicle,Area_accident_occured,Road_surface_type,Road_surface_conditions,Light_conditions,Weather_conditions,Type_of_collision,Number_of_vehicles_involved,Number_of_casualties,Vehicle_movement,Casualty_class,Sex_of_casualty,Age_band_of_casualty,Casualty_severity,Work_of_casuality,Fitness_of_casuality,Cause_of_accident,Accident_severity
Over 51,Male,High school,Employee,Below 1yr,Owner,2-5yrs,No defect,Residential areas,Asphalt roads,Wet or damp,Daylight,Raining,Vehicle with vehicle collision,2,1,Turnover,Driver or rider,Male,18-30,3,Driver,Normal,Overspeed,Slight Injury
Over 51,Male,Elementary school,Employee,Above 10yr,Owner,Above 10yr,No defect,Residential areas,Asphalt roads,Wet or damp,Daylight,Raining,Vehicle with vehicle collision,2,1,Going straight,na,na,na,na,Driver,Normal,No distancing,Slight Injury
Over 51,Male,High school,Owner,1-2yr,Owner,5-10yrs,,Residential areas,Asphalt roads with some distress,Wet or damp,Daylight,Raining,Vehicle with vehicle collision,2,1,Other,Driver or rider,Male,Under 18,3,,,Driving carelessly,Slight Injury
31-50,Male,Junior high school,Employee,2-5yr,Owner,5-10yrs,,Office areas,Asphalt roads,Dry,Daylight,Normal,Vehicle with vehicle collision,2,2,Going straight,Passenger,Female,Over 51,2,,Normal,No distancing,Slight Injury
31-50,Male,,Employee,5-10yr,Owner,Unknown,No defect,Residential areas,Asphalt roads,Dry,Daylight,Normal,Vehicle with vehicle collision,2,2,Going straight,na,na,na,na,Driver,Normal,No distancing,Slight Injury
31-50,Male,High school,Owner,2-5yr,Governmental,Unknown,No defect,Other,Asphalt roads,Wet or damp,Darkness - lights lit,Normal,Vehicle with vehicle collision,2,1,Going straight,Pedestrian,Male,Over 51,3,,,No distancing,Slight Injury
Unknown,Female,High school,Employee,Above 10yr,Governmental,Below 1yr,No defect,Other,Asphalt roads,Wet or damp,Darkness - lights lit,Normal,Collision with pedestrians,2,1,Going straight,na,na,na,na,,,Changing lane to the right,Slight Injury
Over 51,Male,Junior high school,Employee,1-2yr,Owner,,,Other,Asphalt roads,Wet or damp,Daylight,Raining,Vehicle with vehicle collision,2,2,Going straight,Driver or rider,Male,18-30,3,,,No distancing,Slight Injury
18-30,Female,Elementary school,Employee,1-2yr,Owner,Unknown,No defect,School areas,Asphalt roads,Wet or damp,Daylight,Raining,Vehicle with vehicle collision,2,2,Moving Backward,Passenger,Female,5,3,Driver,Normal,No priority to vehicle,Slight Injury
18-30,Male,High school,Employee,1-2yr,Owner,Unknown,No defect,School areas,Asphalt roads,Wet or damp,Daylight,Raining,Vehicle with vehicle collision,2,2,Moving Backward,na,na,na,na,,,Changing lane to the left,Slight Injury
Under 18,Male,Above high school,Employee,5-10yr,Owner,2-5yrs,No defect,School areas,Asphalt roads,Wet or damp,Darkness - lights lit,Cloudy,Vehicle with vehicle collision,2,1,Moving Backward,Driver or rider,Male,18-30,3,,,Moving Backward,Slight Injury
Under 18,Male,,,,Owner,Unknown,No defect,Residential areas,Asphalt roads,Wet or damp,Darkness - lights lit,Cloudy,Collision with roadside objects,2,1,Other,Driver or rider,Male,Under 18,3,Driver,Normal,Driving carelessly,Slight Injury
Under 18,Male,Junior high school,Employee,5-10yr,Owner,Unknown,No defect,Other,Asphalt roads,Wet or damp,Darkness - lights lit,Raining,Vehicle with vehicle collision,2,1,Going straight,na,na,na,na,Driver,Normal,Changing lane to the left,Slight Injury
31-50,Male,Elementary school,Owner,5-10yr,Owner,Unknown,No defect,Office areas,Asphalt roads,Wet or damp,Darkness - lights lit,Raining,Vehicle with vehicle collision,2,1,Unknown,Driver or rider,Male,31-50,3,Driver,Normal,No priority to pedestrian,Slight Injury
18-30,Male,Elementary school,Employee,5-10yr,Owner,5-10yrs,No defect,Other,Asphalt roads,Wet or damp,Daylight,Raining,Vehicle with vehicle collision,2,2,Turnover,na,na,na,na,Driver,Normal,No distancing,Slight Injury
31-50,Male,High school,Owner,5-10yr,Owner,Above 10yr,No defect,School areas,Asphalt roads,Wet or damp,Daylight,Raining,Vehicle with vehicle collision,2,2,Getting off,Driver or rider,Male,18-30,3,,,No distancing,Slight Injury
18-30,Male,Junior high school,Employee,5-10yr,Owner,5-10yrs,No defect,Other,Asphalt roads,Wet or damp,Daylight,Raining,Vehicle with vehicle collision,2,2,Going straight,na,na,na,na,Driver,Normal,Overturning,Slight Injury
Over 51,Male,Junior high school,Owner,1-2yr,Owner,2-5yrs,No defect, Industrial areas,Asphalt roads,Wet or damp,Daylight,Raining,Vehicle with vehicle collision,1,1,Going straight,Driver or rider,Female,31-50,3,,,No distancing,Serious Injury
Over 51,Male,Junior high school,Employee,2-5yr,Owner,2-5yrs,No defect,Other,Asphalt roads,Dry,Daylight,Normal,Vehicle with vehicle collision,3,2,Going straight,na,na,na,na,,,Drunk driving,Slight Injury
Over 51,Male,Junior high school,Owner,5-10yr,Owner,Unknown,No defect,Office areas,Asphalt roads,Dry,Daylight,Normal,Collision with roadside objects,3,2,Turnover,Driver or rider,Male,18-30,3,,,Moving Backward,Slight Injury
Over 51,Male,Junior high school,Owner,Above 10yr,Owner,Unknown,No defect,Other,Asphalt roads,Dry,Daylight,Normal,Vehicle with vehicle collision,3,2,Reversing,na,na,na,na,,,No priority to pedestrian,Slight Injury
Over 51,Male,High school,Employee,5-10yr,Owner,Unknown,No defect,Other,Asphalt roads,Dry,Daylight,Normal,Vehicle with vehicle collision,3,2,Moving Backward,Driver or rider,Female,31-50,3,,,Changing lane to the left,Slight Injury
18-30,Male,High school,Owner,2-5yr,Organization,Above 10yr,No defect, Outside rural areas,Gravel roads,Dry,Daylight,Normal,Vehicle with vehicle collision,1,1,Other,na,na,na,na,Driver,Normal,Changing lane to the left,Slight Injury
18-30,Male,Junior high school,Employee,5-10yr,Owner,Unknown,No defect,Other,Asphalt roads,Wet or damp,Darkness - lights lit,Windy,Vehicle with vehicle collision,1,1,Going straight,Driver or rider,Female,31-50,3,Driver,Normal,Getting off the vehicle improperly,Slight Injury
18-30,Male,Elementary school,Employee,2-5yr,Owner,Above 10yr,No defect,Residential areas,Asphalt roads,Dry,Darkness - lights lit,Normal,Rollover,1,1,Going straight,na,na,na,na,Driver,Normal,No distancing,Serious Injury
Over 51,Male,Elementary school,Employee,5-10yr,Owner,Above 10yr,,Office areas,Asphalt roads,Wet or damp,Darkness - lights lit,Normal,Vehicle with vehicle collision,2,5,Going straight,Driver or rider,Male,18-30,3,Driver,Normal,Changing lane to the right,Slight Injury
31-50,Male,Junior high school,Employee,1-2yr,Owner,Unknown,,Office areas,Asphalt roads,Wet or damp,Darkness - lights lit,Normal,Vehicle with vehicle collision,2,5,Going straight,na,na,na,na,Driver,Normal,Changing lane to the right,Slight Injury
Over 51,Male,Junior high school,Employee,5-10yr,,2-5yrs,, Hospital areas,Asphalt roads,Wet or damp,Darkness - lights lit,Normal,Collision with roadside objects,2,5,Going straight,Pedestrian,Female,Over 51,3,Driver,Normal,Moving Backward,Slight Injury
18-30,Male,,,,Owner,Unknown,, Industrial areas,Asphalt roads,Wet or damp,Darkness - lights lit,Normal,Vehicle with vehicle collision,2,5,Going straight,Pedestrian,Male,31-50,3,,,Driving at high speed,Slight Injury
31-50,Male,Elementary school,Employee,Above 10yr,Owner,2-5yrs,No defect,Other,Asphalt roads,Wet or damp,Darkness - lights lit,Normal,Vehicle with vehicle collision,2,5,Going straight,Driver or rider,Male,31-50,3,Driver,Normal,Changing lane to the left,Slight Injury
Unknown,Male,Elementary school,Employee,Below 1yr,Owner,,,Office areas,Asphalt roads,Wet or damp,Darkness - lights lit,Raining,Vehicle with vehicle collision,2,1,Going straight,na,na,na,na,,,Changing lane to the right,Slight Injury
Under 18,Male,Junior high school,Employee,2-5yr,Owner,Unknown,No defect,Office areas,Asphalt roads,Wet or damp,Darkness - lights lit,Raining,Collision with roadside objects,2,1,Going straight,Driver or rider,Male,18-30,3,Driver,Normal,No distancing,Slight Injury
18-30,Male,Elementary school,Owner,1-2yr,Owner,Unknown,,Residential areas,Asphalt roads,Wet or damp,Daylight,Raining,Collision with roadside objects,2,1,Other,Passenger,Male,18-30,3,Driver,Normal,Changing lane to the right,Slight Injury
18-30,Male,Junior high school,Owner,5-10yr,Owner,Unknown,,Residential areas,Asphalt roads,Wet or damp,Daylight,Raining,Vehicle with vehicle collision,2,1,Moving Backward,na,na,na,na,Driver,Normal,Changing lane to the right,Slight Injury
31-50,Male,Junior high school,Employee,2-5yr,Owner,Unknown,No defect,School areas,Asphalt roads,Wet or damp,Darkness - lights lit,Unknown,Vehicle with vehicle collision,2,1,Going straight,Driver or rider,Male,18-30,3,,,No distancing,Slight Injury
18-30,Male,Junior high school,Employee,2-5yr,Governmental,Unknown,No defect,Other,Asphalt roads,Wet or damp,Darkness - lights lit,Unknown,Collision with roadside objects,2,1,Moving Backward,na,na,na,na,,,Changing lane to the right,Slight Injury
Under 18,Male,High school,Employee,2-5yr,Governmental,Unknown,No defect,  Market areas,Asphalt roads,Wet or damp,Darkness - lights unlit,Raining,Collision with roadside objects,2,1,Going straight,Pedestrian,Female,Under 18,3,Driver,Normal,Driving carelessly,Slight Injury
Over 51,Male,Junior high school,Employee,Above 10yr,Owner,Unknown,No defect,Office areas,Gravel roads,Wet or damp,Darkness - lights unlit,Raining,Vehicle with vehicle collision,2,1,Moving Backward,na,na,na,na,Driver,Normal,Driving carelessly,Slight Injury
18-30,Male,Junior high school,Employee,2-5yr,Owner,Unknown,No defect, Church areas,Asphalt roads,Dry,Daylight,Normal,Vehicle with vehicle collision,2,1,,Driver or rider,Female,18-30,3,Driver,Normal,Changing lane to the right,Slight Injury
18-30,Male,Junior high school,Employee,1-2yr,Governmental,Unknown,No defect, Church areas,Asphalt roads,Dry,Daylight,Normal,Vehicle with vehicle collision,2,1,Going straight,na,na,na,na,Driver,Normal,Overturning,Slight Injury
18-30,Male,Junior high school,Employee,2-5yr,Owner,Unknown,No defect,Residential areas,Asphalt roads,Dry,Daylight,Normal,Collision with roadside objects,2,1,Going straight,Pedestrian,Female,31-50,3,Self-employed,Normal,Changing lane to the right,Slight Injury
31-50,Male,Junior high school,Employee,5-10yr,Owner,Above 10yr,No defect,Residential areas,Asphalt roads,Dry,Daylight,Normal,Vehicle with vehicle collision,2,1,Going straight,Driver or rider,Male,31-50,3,Self-employed,Normal,Moving Backward,Slight Injury
Over 51,Male,Junior high school,Employee,1-2yr,Owner,Unknown,No defect,Residential areas,Earth roads,Dry,Daylight,Normal,Vehicle with vehicle collision,1,1,Going straight,na,na,na,na,Driver,Normal,No distancing,Slight Injury
Over 51,Male,Elementary school,Employee,1-2yr,Owner,Above 10yr,No defect,Residential areas,Asphalt roads,Dry,Darkness - lights lit,Normal,Vehicle with vehicle collision,3,1,Other,Driver or rider,Male,Under 18,3,,,Overturning,Slight Injury
31-50,Male,Junior high school,Employee,2-5yr,Owner,1-2yr,No defect,Other,Asphalt roads,Dry,Darkness - lights lit,Normal,Rollover,3,1,Going straight,na,na,na,na,,,Driving carelessly,Slight Injury
Over 51,Male,Junior high school,Employee,Above 10yr,Owner,Unknown,No defect,Other,,Dry,Darkness - lights lit,Normal,Vehicle with vehicle collision,3,1,Moving Backward,na,na,na,na,,,Changing lane to the right,Slight Injury
Under 18,Male,Junior high school,Employee,Below 1yr,Owner,2-5yrs,No defect,Residential areas,Gravel roads,Wet or damp,Daylight,Normal,Vehicle with vehicle collision,1,1,Moving Backward,Pedestrian,Female,18-30,2,Driver,Normal,Driving at high speed,Slight Injury
31-50,Male,Junior high school,Employee,Above 10yr,Owner,Unknown,No defect,Other,Asphalt roads,Wet or damp,Darkness - lights lit,Normal,Collision with pedestrians,3,1,Moving Backward,Pedestrian,Female,31-50,3,,Normal,Changing lane to the left,Slight Injury
Over 51,Male,Elementary school,Owner,5-10yr,Owner,Unknown,No defect, Church areas,,Wet or damp,Darkness - lights lit,Normal,Vehicle with vehicle collision,3,1,Going straight,Pedestrian,Male,Under 18,3,Driver,Normal,Driving carelessly,Slight Injury
31-50,Male,Elementary school,Employee,Above 10yr,Owner,Unknown,No defect,Other,Asphalt roads,Wet or damp,Darkness - lights lit,Normal,Vehicle with vehicle collision,3,1,Going straight,Driver or rider,Male,18-30,3,Driver,Normal,No distancing,Slight Injury
Over 51,Male,Junior high school,Employee,1-2yr,Owner,Unknown,No defect,Office areas,Earth roads,Dry,Darkness - lights unlit,Normal,Vehicle with vehicle collision,2,1,Going straight,na,na,na,na,,,Moving Backward,Slight Injury
Unknown,Male,,,,Owner,2-5yrs,No defect,Office areas,Asphalt roads,Dry,Darkness - lights unlit,Normal,Vehicle with vehicle collision,2,1,Going straight,Pedestrian,Male,31-50,2,Self-employed,Normal,No priority to pedestrian,Slight Injury
18-30,Male,High school,Owner,5-10yr,Owner,,,Residential areas,Asphalt roads,Wet or damp,Darkness - lights lit,Windy,Collision with roadside objects,1,1,Other,Driver or rider,Female,Over 51,2,Driver,Normal,Moving Backward,Slight Injury
18-30,Male,Elementary school,Employee,2-5yr,Owner,Unknown,,Other,Asphalt roads,Wet or damp,Darkness - lights lit,Normal,Vehicle with vehicle collision,1,1,Going straight,Passenger,Female,Over 51,3,Driver,Normal,Changing lane to the right,Slight Injury
Unknown,Unknown,,,,Owner,Above 10yr,, Industrial areas,Asphalt roads,Wet or damp,Darkness - lights lit,Normal,Vehicle with vehicle collision,2,1,Going straight,Pedestrian,Male,Under 18,3,Driver,Normal,No distancing,Slight Injury
Unknown,Male,,,,Owner,Unknown,,Office areas,Asphalt roads,Wet or damp,Darkness - lights lit,Normal,Vehicle with vehicle collision,2,1,Going straight,Pedestrian,Female,18-30,3,Driver,Normal,Drunk driving,Slight Injury
18-30,Male,High school,Owner,1-2yr,Organization,Unknown,,  Recreational areas,Earth roads,Wet or damp,Darkness - lights lit,Normal,Vehicle with vehicle collision,1,1,Reversing,na,na,na,na,Driver,Normal,Changing lane to the right,Slight Injury
18-30,Male,Junior high school,Employee,1-2yr,Owner,1-2yr,No defect,Residential areas,Asphalt roads,Dry,Darkness - lights lit,Normal,Collision with roadside objects,2,1,Moving Backward,Driver or rider,Male,18-30,3,Driver,Normal,Driving carelessly,Serious Injury
18-30,Male,Junior high school,Employee,1-2yr,Owner,Above 10yr,,Residential areas,Asphalt roads,Dry,Darkness - lights lit,Normal,Vehicle with vehicle collision,2,1,Going straight,na,na,na,na,Driver,Normal,Driving to the left,Serious Injury
Unknown,Male,Junior high school,Employee,Above 10yr,Owner,5-10yrs,, Church areas,Asphalt roads,Wet or damp,Daylight,Normal,Collision with roadside objects,1,1,Going straight,Driver or rider,Male,18-30,3,Driver,Normal,Changing lane to the right,Slight Injury
Unknown,Male,Junior high school,Employee,1-2yr,Owner,5-10yrs,,Residential areas,Asphalt roads,Dry,Daylight,Normal,Vehicle with vehicle collision,1,1,Reversing,Driver or rider,Male,18-30,3,Driver,Normal,Changing lane to the right,Serious Injury
18-30,Male,High school,Owner,Above 10yr,Owner,Unknown,No defect,,Asphalt roads,Wet or damp,Darkness - lights lit,Raining,Rollover,2,1,Going straight,na,na,na,na,Driver,Normal,Driving carelessly,Slight Injury
31-50,Male,Junior high school,Employee,Above 10yr,Owner,5-10yrs,No defect,Other,Asphalt roads,Wet or damp,Darkness - lights lit,Raining,Vehicle with vehicle collision,2,1,Reversing,Pedestrian,Female,31-50,3,,,Changing lane to the left,Slight Injury
31-50,Male,Junior high school,Employee,1-2yr,Owner,Unknown,,Other,Asphalt roads,Wet or damp,Darkness - lights lit,Cloudy,Vehicle with vehicle collision,2,1,Other,na,na,na,na,Self-employed,Normal,No priority to vehicle,Slight Injury
31-50,Male,Junior high school,Employee,1-2yr,Owner,Unknown,No defect, Church areas,Asphalt roads,Wet or damp,Darkness - lights lit,Cloudy,Vehicle with vehicle collision,2,1,,Driver or rider,Female,18-30,3,Self-employed,Normal,Driving carelessly,Slight Injury
18-30,Male,High school,Employee,2-5yr,Governmental,,No defect,Other,Asphalt roads,Wet or damp,Daylight,Normal,Vehicle with vehicle collision,1,1,Going straight,Passenger,Female,18-30,3,Driver,Normal,Changing lane to the right,Slight Injury
31-50,Male,Junior high school,Employee,2-5yr,Owner,Unknown,No defect, Church areas,Asphalt roads,Wet or damp,Daylight,Raining,Vehicle with vehicle collision,2,2,Going straight,Driver or rider,Male,18-30,3,Driver,Normal,Driving carelessly,Slight Injury
31-50,Male,Junior high school,Employee,1-2yr,Owner,Unknown,No defect, Church areas,Asphalt roads,Wet or damp,Daylight,Raining,Collision with pedestrians,2,2,Going straight,Driver or rider,Male,Over 51,3,Self-employed,Normal,Driving under the influence of drugs,Slight Injury
31-50,Male,Elementary school,Employee,5-10yr,Owner,Above 10yr,No defect,Other,Earth roads,Dry,Daylight,Normal,Rollover,2,2,Going straight,na,na,na,na,Self-employed,Normal,No distancing,Slight Injury
31-50,Male,Junior high school,Employee,5-10yr,Governmental,5-10yrs,No defect,Other,Asphalt roads,Dry,Daylight,Normal,Vehicle with vehicle collision,2,2,Going straight,na,na,na,na,,,Changing lane to the left,Slight Injury
31-50,Male,Junior high school,Employee,1-2yr,Owner,5-10yrs,No defect,School areas,Asphalt roads,Dry,Darkness - lights lit,Windy,Rollover,1,1,Going straight,Driver or rider,Male,18-30,3,Employee,Normal,No priority to vehicle,Slight Injury
18-30,Male,Elementary school,Other,5-10yr,Owner,Above 10yr,No defect,Residential areas,Asphalt roads,Wet or damp,Darkness - lights lit,Raining,Vehicle with vehicle collision,2,1,Going straight,Driver or rider,Male,31-50,2,,,Moving Backward,Slight Injury
18-30,Male,Junior high school,Employee,2-5yr,,1-2yr,No defect,Other,Asphalt roads,Wet or damp,Darkness - lights lit,Raining,Vehicle with vehicle collision,2,1,Going straight,na,na,na,na,,,Moving Backward,Slight Injury
18-30,Male,Elementary school,Employee,5-10yr,Owner,Above 10yr,No defect,Office areas,Other,Dry,Darkness - lights lit,Normal,Vehicle with vehicle collision,1,1,Going straight,Driver or rider,Male,18-30,3,,,No distancing,Fatal injury
Over 51,Male,Junior high school,Employee,Above 10yr,Owner,Above 10yr,No defect,Residential areas,Gravel roads,Wet or damp,Daylight,Raining,Fall from vehicles,2,1,Going straight,Driver or rider,Male,18-30,3,Driver,Normal,Changing lane to the right,Slight Injury
31-50,Male,Junior high school,Employee,Above 10yr,Owner,Above 10yr,No defect,Other,Gravel roads,Wet or damp,Daylight,Raining,Vehicle with vehicle collision,2,1,Going straight,na,na,na,na,Driver,Normal,Changing lane to the right,Slight Injury
31-50,Male,Elementary school,Owner,2-5yr,Owner,Above 10yr,No defect,Residential areas,Asphalt roads,Snow,Darkness - lights lit,Other,Collision with roadside objects,2,1,Going straight,Driver or rider,Male,18-30,3,Driver,Normal,Moving Backward,Slight Injury
31-50,Male,Elementary school,Employee,5-10yr,Owner,5-10yrs,No defect,Residential areas,Asphalt roads,Snow,Darkness - lights lit,Other,Vehicle with vehicle collision,2,1,Going straight,na,na,na,na,Driver,Normal,Driving carelessly,Slight Injury
18-30,Male,Junior high school,Owner,1-2yr,Owner,,No defect,Residential areas,Earth roads,Dry,Daylight,Normal,Vehicle with vehicle collision,3,1,Going straight,Driver or rider,Male,31-50,3,Driver,Normal,Driving under the influence of drugs,Slight Injury
31-50,Male,Elementary school,Employee,Above 10yr,Owner,1-2yr,No defect,Other,Asphalt roads,Dry,Daylight,Normal,Vehicle with vehicle collision,3,1,Going straight,na,na,na,na,Self-employed,Normal,No distancing,Slight Injury
18-30,Male,Junior high school,Employee,5-10yr,Owner,5-10yrs,No defect,Other,Asphalt roads,Dry,Daylight,Normal,Collision with pedestrians,3,1,Moving Backward,Driver or rider,Male,31-50,3,Self-employed,Normal,No distancing,Slight Injury
31-50,Male,Junior high school,Employee,2-5yr,Owner,5-10yrs,No defect,Other,Asphalt roads,Dry,Darkness - lights lit,Normal,Vehicle with vehicle collision,2,1,Going straight,Passenger,Female,Under 18,3,Self-employed,Normal,No priority to vehicle,Slight Injury
31-50,Male,Elementary school,Employee,Above 10yr,Owner,1-2yr,No defect, Hospital areas,Asphalt roads,Dry,Darkness - lights lit,Normal,Vehicle with vehicle collision,2,1,Going straight,Passenger,Female,31-50,3,Self-employed,Normal,Driving to the left,Slight Injury
Under 18,Male,Junior high school,Employee,2-5yr,Owner,2-5yrs,No defect,Residential areas,Earth roads,Dry,Daylight,Normal,Vehicle with vehicle collision,2,1,Going straight,na,na,na,na,,,No priority to vehicle,Slight Injury
Under 18,Male,Elementary school,Employee,Above 10yr,Owner,5-10yrs,No defect,Residential areas,Asphalt roads,Dry,Daylight,Normal,Rollover,2,1,,Driver or rider,Male,31-50,3,Self-employed,Normal,No priority to vehicle,Slight Injury
Under 18,Male,Junior high school,Employee,Above 10yr,Owner,5-10yrs,No defect,Residential areas,Asphalt roads,Dry,Daylight,Normal,Collision with roadside objects,1,1,Turnover,na,na,na,na,Self-employed,Normal,No priority to vehicle,Serious Injury
18-30,Male,Junior high school,Employee,2-5yr,Owner,1-2yr,No defect,Other,Asphalt roads,Wet or damp,Daylight,Normal,Vehicle with vehicle collision,2,1,Going straight,Passenger,Male,Under 18,3,Self-employed,Normal,No distancing,Slight Injury
31-50,Male,Junior high school,Employee,Above 10yr,Owner,1-2yr,No defect,Office areas,Asphalt roads,Wet or damp,Daylight,Normal,Vehicle with vehicle collision,2,1,Going straight,na,na,na,na,Driver,Normal,Moving Backward,Slight Injury
31-50,Male,Junior high school,Employee,Above 10yr,Owner,2-5yrs,No defect,Other,Asphalt roads,Dry,Darkness - lights lit,Normal,Collision with roadside objects,1,1,Going straight,Passenger,Female,31-50,3,,,Changing lane to the right,Serious Injury
Under 18,Male,Junior high school,Employee,Below 1yr,Owner,Unknown,No defect,Office areas,Asphalt roads,Wet or damp,Darkness - lights lit,Normal,Vehicle with vehicle collision,1,1,Going straight,Driver or rider,Male,31-50,2,Driver,Normal,Driving carelessly,Slight Injury
31-50,Female,Junior high school,Owner,Above 10yr,Owner,Unknown,No defect,Residential areas,Asphalt roads,Dry,Daylight,Normal,Vehicle with vehicle collision,1,2,Going straight,na,na,na,na,Driver,Normal,Changing lane to the left,Slight Injury
18-30,Male,High school,Other,Above 10yr,Owner,Unknown,No defect,Office areas,Asphalt roads,Dry,Daylight,Normal,Vehicle with vehicle collision,1,2,Going straight,na,na,na,na,Self-employed,Normal,No distancing,Slight Injury
Under 18,Male,Junior high school,Employee,5-10yr,Owner,,No defect,Office areas,Asphalt roads,Wet or damp,Daylight,Normal,Rollover,1,1,Going straight,Driver or rider,Male,18-30,3,Driver,Normal,Changing lane to the right,Serious Injury
Under 18,Male,Elementary school,,,Organization,Unknown,No defect,Other,Asphalt roads,Dry,Darkness - lights lit,Unknown,Rollover,1,2,Going straight,Driver or rider,Male,18-30,3,Driver,Normal,Driving under the influence of drugs,Serious Injury
Under 18,Male,Junior high school,Employee,5-10yr,Owner,Unknown,No defect,Office areas,Earth roads,Dry,Darkness - lights lit,Unknown,Collision with pedestrians,1,2,Going straight,Driver or rider,Male,18-30,2,,,No distancing,Serious Injury
Under 18,Male,Junior high school,Employee,5-10yr,Owner,Unknown,No defect,Office areas,Asphalt roads,Dry,Daylight,Normal,Vehicle with vehicle collision,1,1,Turnover,Passenger,Female,Under 18,3,Driver,Normal,Overturning,Slight Injury
18-30,Male,Junior high school,Owner,Below 1yr,Governmental,Unknown,,Office areas,Asphalt roads,Wet or damp,Darkness - lights lit,Normal,Vehicle with vehicle collision,2,1,,na,na,na,na,Driver,Normal,No distancing,Slight Injury
31-50,Male,Junior high school,Employee,5-10yr,Owner,Unknown,,Other,Asphalt roads,Wet or damp,Darkness - lights lit,Normal,Vehicle with vehicle collision,2,1,Reversing,na,na,na,na,Driver,Normal,Changing lane to the right,Slight Injury
31-50,Male,Elementary school,Employee,2-5yr,Owner,Unknown,,Residential areas,Asphalt roads,Wet or damp,Daylight,Normal,Collision with pedestrians,1,1,Other,Driver or rider,Male,31-50,3,Driver,Normal,No priority to vehicle,Slight Injury
Unknown,Male,Junior high school,Owner,2-5yr,Owner,2-5yrs,No defect,Residential areas,Earth roads,Dry,Daylight,Normal,Collision with pedestrians,1,1,Going straight,Pedestrian,Female,18-30,3,Driver,Normal,Changing lane to the right,Serious Injury
Under 18,Male,Elementary school,Employee,2-5yr,Owner,5-10yrs,, Church areas,Asphalt roads,Dry,Darkness - lights lit,Normal,Vehicle with vehicle collision,1,1,Going straight,na,na,na,na,Self-employed,Normal,Changing lane to the left,Serious Injury
Over 51,Male,Junior high school,Owner,2-5yr,Owner,5-10yrs,,Other,Asphalt roads,Dry,Daylight,Normal,Vehicle with vehicle collision,3,2,Turnover,Driver or rider,Male,18-30,3,,,No distancing,Fatal injury
18-30,Male,Junior high school,Employee,Above 10yr,Owner,Unknown,,Residential areas,Asphalt roads,Dry,Daylight,Normal,Vehicle with vehicle collision,3,2,Other,Pedestrian,Male,18-30,3,Self-employed,Normal,No priority to pedestrian,Fatal injury
31-50,Male,Junior high school,Employee,2-5yr,Owner,2-5yrs,,Other,Asphalt roads,Dry,Daylight,Normal,Collision with roadside objects,3,2,Going straight,Driver or rider,Male,18-30,3,Driver,Normal,Driving carelessly,Fatal injury
Over 51,Male,Junior high school,Employee,1-2yr,Owner,2-5yrs,,Residential areas,Asphalt roads,Dry,Daylight,Normal,Vehicle with vehicle collision,3,2,Going straight,Driver or rider,Female,18-30,3,,,No distancing,Fatal injury
Unknown,Male,Junior high school,Employee,2-5yr,Owner,2-5yrs,,Residential areas,Asphalt roads,Dry,Daylight,Normal,Collision with roadside objects,1,1,Other,na,na,na,na,,,Driving carelessly,Slight Injury
Under 18,Male,Junior high school,Employee,1-2yr,Owner,5-10yrs,No defect,Other,Asphalt roads,Dry,Daylight,Normal,Vehicle with vehicle collision,2,1,Going straight,Pedestrian,Male,Under 18,3,Driver,Normal,Driving carelessly,Serious Injury
Over 51,Male,Junior high school,Employee,5-10yr,,,,Other,Asphalt roads,Dry,Daylight,Normal,Vehicle with vehicle collision,2,1,Turnover,Driver or rider,Male,18-30,3,Driver,Normal,Moving Backward,Serious Injury
Unknown,Male,Junior high school,Employee,5-10yr,Owner,Unknown,No defect,Other,Other,Dry,Daylight,Normal,Collision with roadside objects,3,1,Going straight,na,na,na,na,Driver,Normal,Overtaking,Slight Injury
31-50,Male,Elementary school,Owner,2-5yr,Owner,Unknown,No defect,Other,Asphalt roads,Dry,Daylight,Normal,Vehicle with vehicle collision,3,1,Turnover,Pedestrian,Female,18-30,3,Self-employed,Normal,No priority to vehicle,Slight Injury
31-50,Male,Elementary school,Employee,Below 1yr,Owner,Unknown,,Residential areas,Asphalt roads,Dry,Daylight,Normal,Vehicle with vehicle collision,3,1,Going straight,na,na,na,na,Driver,Normal,No priority to vehicle,Slight Injury
31-50,Male,,,,Owner,2-5yrs,,  Recreational areas,Asphalt roads,Dry,Daylight,Normal,Collision with roadside objects,2,1,Moving Backward,Driver or rider,Male,18-30,3,Self-employed,Normal,Moving Backward,Slight Injury
18-30,Male,Junior high school,Employee,Above 10yr,Owner,,,Other,Asphalt roads,Dry,Daylight,Normal,Collision with roadside objects,2,1,,Pedestrian,Male,18-30,3,Driver,Normal,Overtaking,Slight Injury
18-30,Male,High school,Employee,1-2yr,Owner,,,Office areas,Asphalt roads,Dry,Daylight,Normal,Vehicle with vehicle collision,4,1,Going straight,Passenger,Female,18-30,3,Driver,Normal,Changing lane to the left,Slight Injury
18-30,Male,Junior high school,Owner,5-10yr,,,,Other,Asphalt roads,Dry,Daylight,Normal,Vehicle with vehicle collision,4,1,Going straight,na,na,na,na,,,Changing lane to the right,Slight Injury